;name_x;ndex;pokemon_species;pokemon_height_m;pokemon_male;pokemon_female;tipo_1;tipo_2;form;total;hp;attack;defense;sp_atk;sp_def;speed;weight
270;Bulbasaur;1;Seed Pokémon;0,7;87,5;12.5;grass;poison;default;318;45;49;49;65;65;45;6,9
366;Ivysaur;2;Seed Pokémon;1;87,5;12.5;grass;poison;default;405;60;62;63;80;80;60;13
279;Venusaur;3;Seed Pokémon;2;87,5;12.5;grass;poison;Mega Venusaur;625;80;100;123;122;120;80;100
1104;Charmander;4;Lizard Pokémon;0,61;87,5;12.5;fire;normal;default;309;39;52;43;60;50;65;8,5
1101;Charmeleon;5;Flame Pokémon;1,1;87,5;12.5;fire;normal;default;405;58;64;58;80;65;80;19
263;Charizard;6;Flame Pokémon;1,7;87,5;12.5;fire;flying;default;534;78;84;78;109;85;100;90,5
1;Squirtle;7;Tiny Turtle Pokémon;0,5;87,5;12.5;water;;default;314;44;48;65;50;64;43;9
254;Wartortle;8;Turtle Pokémon;1;87,5;12.5;water;;default;405;59;63;80;65;80;58;22,5
251;Blastoise;9;Shellfish Pokémon;1,6;87,5;12.5;water;;Mega Blastoise;630;79;103;120;135;115;78;85,5
36;Caterpie;10;Worm Pokémon;0,3;50;50;bug;normal;default;195;45;30;35;20;20;45;2,9
348;Metapod;11;Cocoon Pokémon;0,7;50;50;bug;normal;default;205;50;20;55;25;25;30;9,9
264;Butterfree;12;Butterfly Pokémon;1,1;50;50;bug;flying;default;395;60;45;50;90;80;70;32
272;Weedle;13;Hairy Bug Pokémon;0,3;50;50;bug;poison;default;195;40;35;30;20;20;50;3,2
358;Kakuna;14;Cocoon Pokémon;0,6;50;50;bug;poison;default;205;45;25;50;25;25;35;10
266;Beedrill;15;Poison Bee Pokémon;1;50;50;bug;poison;Mega Beedrill;495;65;150;40;15;80;145;29,5
324;Pidgey;16;Tiny Bird Pokémon;0,3;50;50;normal;flying;default;251;40;45;40;35;35;56;1,8
318;Pidgeotto;17;Bird Pokémon;1,1;50;50;normal;flying;default;349;63;60;55;50;50;71;30
321;Pidgeot;18;Bird Pokémon;1,5;50;50;normal;flying;default;479;83;80;75;70;70;101;39,5
308;Rattata;19;Mouse Pokémon;0,3;50;50;normal;dark;Alolan Rattata;253;30;56;35;25;35;72;3,5
313;Raticate;20;Mouse Pokémon;0,7;50;50;normal;dark;default;413;55;81;60;50;70;97;18,5
292;Spearow;21;Tiny Bird Pokémon;0,3;50;50;normal;flying;default;262;40;60;30;31;31;70;2
382;Fearow;22;Beak Pokémon;1,2;50;50;normal;flying;default;442;65;90;65;61;61;100;38
393;Ekans;23;Snake Pokémon;2;50;50;poison;normal;default;288;35;60;44;40;54;55;6,9
403;Arbok;24;Cobra Pokémon;3,5;50;50;poison;dark;default;448;60;95;69;65;79;80;65
13;Pikachu;25;Mouse Pokémon;0,4;50;50;electric;;default;320;35;55;40;50;50;90;6
5;Raichu;26;Mouse Pokémon;0,8;50;50;electric;;default;485;60;90;55;90;80;110;30
304;Sandshrew;27;Mouse Pokémon;0,6;50;50;ground;ice;Alolan Sandshrew;300;50;75;90;10;35;40;12
306;Sandslash;28;Mouse Pokémon;1;50;50;ground;ice;Alolan Sandslash;450;75;100;120;25;65;65;29,5
342;Nidoran;29;Poison Pin Pokémon;0,4;0;100;poison;normal;default;275;55;47;52;40;40;41;7
333;Nidorina;30;Poison Pin Pokémon;0,8;0;100;poison;normal;default;365;70;62;67;55;55;56;20
338;Nidoqueen;31;Drill Pokémon;1,3;0;100;poison;ground;default;505;90;92;87;75;85;76;60
334;Nidoran?;32;Poison Pin Pokémon;0,5;100;0;poison;normal;default;273;46;57;40;40;40;50;9
325;Nidorino;33;Poison Pin Pokémon;0,9;100;0;poison;normal;default;365;61;72;57;55;55;65;19,5
339;Nidoking;34;Drill Pokémon;1,4;100;0;poison;ground;default;505;81;102;77;85;75;85;62
250;Clefairy;35;Fairy Pokémon;0,6;25;75;fairy;normal;default;323;70;45;48;60;65;35;7,5
1103;Clefable;36;Fairy Pokémon;1,3;25;75;fairy;normal;default;483;95;70;73;95;90;60;40
277;Vulpix;37;Fox Pokémon;0,6;25;75;fire;ice;Alolan Vulpix;299;38;41;40;50;65;65;9,9
330;Ninetales;38;Fox Pokémon;1,1;25;75;fire;ice;Alolan Ninetales;505;73;67;75;81;100;109;19,9
365;Jigglypuff;39;Balloon Pokémon;0,5;25;75;normal;fairy;default;270;115;45;20;45;25;20;5,5
276;Wigglytuff;40;Balloon Pokémon;1;25;75;normal;fairy;default;435;140;70;45;85;50;45;12
271;Zubat;41;Bat Pokémon;0,6;50;50;poison;flying;default;245;40;45;35;30;40;55;7,5
372;Golbat;42;Bat Pokémon;1,6;50;50;poison;flying;default;455;75;80;70;65;75;90;55
329;Oddish;43;Weed Pokémon;0,5;50;50;grass;poison;default;320;45;50;55;75;65;30;5,4
374;Gloom;44;Weed Pokémon;0,8;50;50;grass;poison;default;395;60;65;70;85;75;40;8,6
283;Vileplume;45;Flower Pokémon;1,2;50;50;grass;poison;default;490;75;80;85;110;90;50;18,6
328;Paras;46;Mushroom Pokémon;0,3;50;50;bug;grass;default;285;35;70;55;45;55;25;5,4
319;Parasect;47;Mushroom Pokémon;1;50;50;bug;grass;default;405;60;95;80;60;80;30;29,5
282;Venonat;48;Insect Pokémon;1;50;50;bug;poison;default;305;60;55;50;40;55;45;30
284;Venomoth;49;Poison Moth Pokémon;1,5;50;50;bug;poison;default;450;70;65;60;90;75;90;12,5
43;Diglett;50;Mole Pokémon;0,2;50;50;ground;;default;265;10;55;25;35;45;95;0,8
34;Dugtrio;51;Mole Pokémon;0,7;50;50;ground;;default;425;35;100;50;50;70;120;33,3
354;Meowth;52;Scratch Cat Pokémon;0,4;50;50;normal;dark;Alolan Meowth;290;40;35;35;50;40;90;4,2
323;Persian;53;Classy Cat Pokémon;1;50;50;normal;dark;default;440;65;70;60;65;65;115;32
8;Psyduck;54;Duck Pokémon;0,8;50;50;water;;default;320;50;52;48;65;50;55;19,6
369;Golduck;55;Duck Pokémon;1,7;50;50;water;normal;default;500;80;82;78;95;80;85;76,6
352;Mankey;56;Pig Monkey Pokémon;0,5;50;50;fighting;normal;default;305;40;80;35;35;45;70;28
315;Primeape;57;Pig Monkey Pokémon;1;50;50;fighting;normal;default;455;65;105;60;60;70;95;32
28;Growlithe;58;Puppy Pokémon;0,7;75;25;fire;;default;350;55;70;45;70;50;60;19
39;Arcanine;59;Legendary Pokémon;1,9;75;25;fire;;default;555;90;110;80;100;80;95;155
9;Poliwag;60;Tadpole Pokémon;0,6;50;50;water;;default;300;40;50;40;40;40;90;12,4
7;Poliwhirl;61;Tadpole Pokémon;1;50;50;water;;default;385;65;65;65;50;50;90;20
314;Poliwrath;62;Tadpole Pokémon;1,3;50;50;water;fighting;default;510;90;95;95;70;90;70;54
220;Abra;63;Psi Pokémon;0,9;75;25;psychic;;default;310;25;20;15;105;55;90;19,5
18;Kadabra;64;Psi Pokémon;1,3;75;25;psychic;;default;400;40;35;30;120;70;105;56,7
41;Alakazam;65;Psi Pokémon;1,5;75;25;psychic;;default;500;55;50;45;135;95;120;48
16;Machop;66;Superpower Pokémon;0,8;75;25;fighting;;default;305;70;80;50;35;35;35;19,5
17;Machoke;67;Superpower Pokémon;1,5;75;25;fighting;;default;405;80;100;70;50;60;45;70,3
357;Machamp;68;Superpower Pokémon;1,6;75;25;fighting;rock;default;505;90;130;80;65;85;55;130
265;Bellsprout;69;Flower Pokémon;0,7;50;50;grass;poison;default;300;50;75;35;70;30;40;4
273;Weepinbell;70;Flycatcher Pokémon;1;50;50;grass;poison;default;390;65;90;50;85;45;55;6,4
285;Victreebel;71;Flycatcher Pokémon;1,7;50;50;grass;poison;default;490;80;105;65;100;70;70;15,5
286;Tentacool;72;Jellyfish Pokémon;0,9;50;50;water;poison;default;335;40;40;35;50;100;70;45,5
281;Tentacruel;73;Jellyfish Pokémon;1,6;50;50;water;poison;default;515;80;70;65;80;120;100;55
376;Geodude;74;Rock Pokémon;0,4;50;50;rock;ground;Alolan Geodude;300;40;80;100;30;30;20;20
384;Graveler;75;Rock Pokémon;1;50;50;rock;ground;default;390;55;95;115;45;45;35;105
367;Golem;76;Megaton Pokémon;1,4;50;50;rock;ground;Alolan Golem;495;80;120;130;55;65;45;300
316;Ponyta;77;Fire Horse Pokémon;1;50;50;fire;psychic;Galarian Ponyta;410;50;85;55;65;65;90;30
302;Rapidash;78;Fire Horse Pokémon;1,7;50;50;fire;psychic;Galarian Rapidash;500;65;100;70;80;80;105;95
294;Slowpoke;79;Dopey Pokémon;1,2;50;50;water;psychic;default;315;90;65;65;40;40;15;36
300;Slowbro;80;Hermit Crab Pokémon;1,6;50;50;water;psychic;default;490;95;75;110;100;80;30;78,5
347;Magnemite;81;Magnet Pokémon;0,3;;;electric;steel;default;325;25;35;70;95;55;45;6
353;Magneton;82;Magnet Pokémon;1;;;electric;steel;default;465;50;60;95;120;70;70;60
386;Farfetch'd;83;Wild Duck Pokémon;0,8;50;50;normal;flying;default;377;52;90;55;58;62;60;15
396;Doduo;84;Twin Bird Pokémon;1,4;50;50;normal;flying;default;310;35;85;45;35;35;75;39,2
404;Dodrio;85;Triple Bird Pokémon;1,8;50;50;normal;flying;default;470;60;110;70;60;60;110;85,2
301;Seel;86;Sea Lion Pokémon;1,1;50;50;water;normal;default;325;65;45;55;45;70;45;90
400;Dewgong;87;Sea Lion Pokémon;1,7;50;50;water;ice;default;475;90;70;80;70;95;70;120
26;Grimer;88;Sludge Pokémon;0,9;50;50;poison;;default;325;80;80;50;40;50;25;30
14;Muk;89;Sludge Pokémon;1,2;50;50;poison;;Alolan Muk;500;105;105;75;65;100;50;30
295;Shellder;90;Bivalve Pokémon;0,3;50;50;water;normal;default;305;30;65;100;45;25;40;4
1102;Cloyster;91;Bivalve Pokémon;1,5;50;50;water;ice;default;525;50;95;180;85;45;70;132,5
380;Gastly;92;Gas Pokémon;1,3;50;50;ghost;poison;default;310;30;35;30;100;35;80;0,1
375;Haunter;93;Gas Pokémon;1,6;50;50;ghost;poison;default;405;45;50;45;115;55;95;0,1
378;Gengar;94;Shadow Pokémon;1,5;50;50;ghost;poison;Mega Gengar;600;60;65;80;170;95;130;40,5
332;Onix;95;Rock Snake Pokémon;8,8;50;50;rock;ground;default;385;35;45;160;30;45;70;210,5
35;Drowzee;96;Hypnosis Pokémon;1;50;50;psychic;;default;328;60;48;45;43;90;42;32,4
23;Hypno;97;Hypnosis Pokémon;1,6;50;50;psychic;;default;483;85;73;70;73;115;67;75,6
19;Krabby;98;River Crab Pokémon;0,4;50;50;water;;default;325;30;105;90;25;25;50;6,5
359;Kingler;99;Pincer Pokémon;1,3;50;50;water;rock;default;475;55;130;115;50;50;75;60
256;Voltorb;100;Ball Pokémon;0,5;;;electric;;default;330;40;30;50;55;55;100;10,4
31;Electrode;101;Ball Pokémon;1,2;;;electric;;Hisuian Electrode;490;60;50;70;80;80;150;66,6
391;Exeggcute;102;Egg Pokémon;0,4;50;50;grass;psychic;default;325;60;40;80;60;45;40;2,5
390;Exeggutor;103;Coconut Pokémon;2;50;50;grass;psychic;default;530;95;95;85;125;75;55;120
260;Cubone;104;Lonely Pokémon;0,4;50;50;ground;normal;default;320;50;50;95;40;50;35;6,5
351;Marowak;105;Bone Keeper Pokémon;1;50;50;ground;fire;default;425;60;80;110;50;80;45;45
24;Hitmonlee;106;Kicking Pokémon;1,5;100;0;fighting;;default;455;50;120;53;35;110;87;49,8
29;Hitmonchan;107;Punching Pokémon;1,4;100;0;fighting;;default;455;50;105;79;35;110;76;50,2
360;Lickitung;108;Licking Pokémon;1,2;50;50;normal;ghost;default;385;90;55;75;60;75;30;65,5
20;Koffing;109;Poison Gas Pokémon;0,6;50;50;poison;;default;340;40;65;95;60;45;35;1
257;Weezing;110;Poison Gas Pokémon;1,2;50;50;poison;;Galarian Weezing;490;65;90;120;85;70;60;9,5
311;Rhyhorn;111;Spikes Pokémon;1;50;50;ground;rock;default;345;80;85;95;30;30;25;115
310;Rhydon;112;Drill Pokémon;1,9;50;50;ground;rock;default;485;105;130;120;45;45;40;120
221;Chansey;113;Egg Pokémon;1,1;0;100;normal;;default;450;250;5;5;35;105;50;34,6
253;Tangela;114;Vine Pokémon;1;50;50;grass;;default;435;65;55;115;100;40;60;35
387;Kangaskhan;115;Parent Pokémon;2,2;0;100;normal;;Mega Kangaskhan;590;105;125;100;60;100;100;80
21;Horsea;116;Dragon Pokémon;0,4;50;50;water;;default;295;30;40;70;70;25;60;8
3;Seadra;117;Dragon Pokémon;1,2;50;50;water;;default;440;55;65;95;95;45;85;25
381;Goldeen;118;Goldfish Pokémon;0,6;50;50;water;flying;default;320;45;67;60;35;50;63;15
296;Seaking;119;Goldfish Pokémon;1,3;50;50;water;bug;default;450;80;92;65;65;80;68;39
0;Staryu;120;Star Shape Pokémon;0,8;;;water;;default;340;30;45;55;70;55;85;34,5
287;Starmie;121;Mysterious Pokémon;1,1;;;water;psychic;default;520;60;75;85;100;85;115;80
340;Mr. Mime;122;Barrier Pokémon;1,3;50;50;psychic;fairy;Galarian Mr. Mime;460;50;65;65;90;90;100;54,5
297;Scyther;123;Mantis Pokémon;1,5;50;50;bug;flying;default;500;70;110;80;55;80;105;56
362;Jynx;124;Human Shape Pokémon;1,4;0;100;ice;psychic;default;455;65;50;35;115;95;95;40,6
392;Electabuzz;125;Electric Pokémon;1,1;75;25;electric;ground;default;490;65;83;57;95;85;105;30
349;Magmar;126;Spitfire Pokémon;1,3;75;25;fire;poison;default;495;65;95;57;100;85;93;44,5
10;Pinsir;127;Stag Beetle Pokémon;1,5;50;50;bug;;Mega Pinsir;600;65;155;120;65;90;105;55
288;Tauros;128;Wild Bull Pokémon;1,4;100;0;normal;fighting;Combat Breed;490;75;110;105;30;70;100;88,4
346;Magikarp;129;Fish Pokémon;0,9;50;50;water;normal;default;200;20;10;55;15;20;80;10
371;Gyarados;130;Atrocious Pokémon;6,5;50;50;water;flying;default;540;95;125;79;60;100;81;235
361;Lapras;131;Transport Pokémon;2,5;50;50;water;ice;default;535;130;85;80;85;95;60;220
37;Ditto;132;Transform Pokémon;0,3;;;normal;;default;288;48;48;48;48;48;48;4
394;Eevee;133;Evolution Pokémon;0,3;87,5;12.5;normal;fairy;Partner Eevee;435;65;75;70;65;85;75;6,5
259;Vaporeon;134;Bubble Jet Pokémon;1;87,5;12.5;water;;default;525;130;65;60;110;95;65;28,98
22;Jolteon;135;Lightning Pokémon;0,79;87,5;12.5;electric;;default;525;65;65;60;110;95;130;24,5
30;Flareon;136;Flame Pokémon;0,9;87,5;12.5;fire;;default;525;65;130;60;95;110;65;25
6;Porygon;137;Virtual Pokémon;0,8;;;normal;;default;395;65;60;70;85;75;40;36,5
327;Omanyte;138;Spiral Pokémon;0,4;87,5;12.5;rock;water;default;355;35;40;100;90;55;35;7,5
326;Omastar;139;Spiral Pokémon;1;87,5;12.5;rock;water;default;495;70;60;125;115;70;55;35
364;Kabuto;140;Shellfish Pokémon;0,51;87,5;12.5;rock;water;default;355;30;80;90;55;45;55;11,5
363;Kabutops;141;Shellfish Pokémon;1,3;87,5;12.5;rock;water;default;495;60;115;105;65;70;80;40,5
402;Aerodactyl;142;Fossil Pokémon;1,8;87,5;12.5;rock;flying;default;515;80;105;65;60;75;130;59
2;Snorlax;143;Sleeping Pokémon;2,11;87,5;12.5;normal;;default;540;160;110;65;65;110;30;460
269;Articuno;144;Freeze Pokémon;1,7;;;ice;flying;default;580;90;85;100;95;125;85;55,4
275;Zapdos;145;Electric Pokémon;1,6;;;electric;flying;default;580;90;90;85;125;90;100;52,6
336;Moltres;146;Flame Pokémon;2;;;fire;flying;Galarian Moltres;580;90;85;90;100;125;90;60
398;Dratini;147;Dragon Pokémon;1,8;50;50;dragon;normal;default;300;41;64;45;50;50;50;3,3
397;Dragonair;148;Dragon Pokémon;4;50;50;dragon;normal;default;420;61;84;65;70;70;70;16,5
399;Dragonite;149;Dragon Pokémon;2,2;50;50;dragon;flying;default;600;91;134;95;100;100;80;210
343;Mewtwo;150;Genetic Pokémon;2;;;psychic;fighting;Mega Mewtwo X;780;106;190;100;154;100;130;122
335;Mew;151;New Species Pokémon;0,4;;;psychic;normal;default;600;100;100;100;100;100;100;4
412;Chikorita;152;Leaf Pokémon;0,9;87,5;12.5;grass;normal;default;318;45;49;65;49;65;45;6,4
414;Bayleef;153;Leaf Pokémon;1,2;87,5;12.5;grass;normal;default;405;60;62;80;63;80;60;15,8
62;Meganium;154;Herb Pokémon;1,8;87,5;12.5;grass;;default;525;80;82;100;83;100;80;100,5
408;Cyndaquil;155;Fire Mouse Pokémon;0,5;87,5;12.5;fire;normal;default;309;39;52;43;60;50;65;7,9
450;Quilava;156;Volcano Pokémon;0,9;87,5;12.5;fire;normal;default;405;58;64;58;80;65;80;19
49;Typhlosion;157;Volcano Pokémon;1,7;87,5;12.5;fire;;Hisuian Typhlosion;534;73;84;78;119;85;95;79,5
48;Totodile;158;Big Jaw Pokémon;0,6;87,5;12.5;water;;default;314;50;65;64;44;48;43;9,5
406;Croconaw;159;Big Jaw Pokémon;1,1;87,5;12.5;water;normal;default;405;65;80;80;59;63;58;25
486;Feraligatr;160;Big Jaw Pokémon;2,3;87,5;12.5;water;psychic;default;530;85;105;100;79;83;78;88,8
56;Sentret;161;Scout Pokémon;0,8;50;50;normal;;default;215;35;46;34;35;45;20;6
65;Furret;162;Long Body Pokémon;1,8;50;50;normal;;default;415;85;76;64;45;55;90;32,5
478;Hoothoot;163;Owl Pokémon;0,7;50;50;normal;flying;default;262;60;30;30;36;56;50;21,2
460;Noctowl;164;Owl Pokémon;1,6;50;50;normal;flying;default;452;100;50;50;86;96;70;40,8
468;Ledyba;165;Five Star Pokémon;1;50;50;bug;flying;default;265;40;20;30;40;80;55;10,8
469;Ledian;166;Five Star Pokémon;1,4;50;50;bug;flying;default;390;55;35;50;55;110;85;35,6
434;Spinarak;167;String Spit Pokémon;0,5;50;50;bug;poison;default;250;40;60;40;40;40;30;8,5
419;Ariados;168;Long Leg Pokémon;1,1;50;50;bug;poison;default;400;70;90;70;60;70;40;33,5
411;Crobat;169;Bat Pokémon;1,8;50;50;poison;flying;default;535;85;90;80;70;80;130;75
416;Chinchou;170;Angler Pokémon;0,5;50;50;water;electric;default;330;75;38;38;56;56;67;12
473;Lanturn;171;Light Pokémon;1,2;50;50;water;electric;default;460;125;58;58;76;76;67;22,5
59;Pichu;172;Tiny Mouse Pokémon;0,3;50;50;electric;;default;205;20;40;15;35;35;60;2
407;Cleffa;173;Star Shape Pokémon;0,3;25;75;fairy;normal;default;218;50;25;28;45;55;15;3
471;Igglybuff;174;Balloon Pokémon;0,3;25;75;normal;fairy;default;210;90;30;15;40;20;15;1
431;Togepi;175;Spike Ball Pokémon;0,3;87,5;12.5;fairy;normal;default;245;35;20;65;40;65;20;1,5
426;Togetic;176;Happiness Pokémon;0,6;87,5;12.5;fairy;flying;default;405;55;40;85;80;105;40;3,2
467;Natu;177;Tiny Bird Pokémon;0,2;50;50;psychic;flying;default;320;40;50;45;70;45;70;2
424;Xatu;178;Mystic Pokémon;1,5;50;50;psychic;flying;default;470;65;75;70;95;70;95;15
463;Mareep;179;Wool Pokémon;0,6;50;50;electric;normal;default;280;55;40;40;65;45;35;7,8
483;Flaaffy;180;Wool Pokémon;0,8;50;50;electric;normal;default;365;70;55;55;80;60;45;13,3
68;Ampharos;181;Light Pokémon;1,4;50;50;electric;;Mega Ampharos;610;90;95;105;165;110;45;61,5
44;Bellossom;182;Flower Pokémon;0,4;50;50;grass;;default;490;75;80;95;90;100;50;5,8
461;Marill;183;Aqua Mouse Pokémon;0,4;50;50;water;fairy;default;250;70;20;50;20;50;40;8,5
415;Azumarill;184;Aqua Rabbit Pokémon;0,8;50;50;water;fairy;default;420;100;50;80;60;80;50;28,5
54;Sudowoodo;185;Imitation Pokémon;1,2;50;50;rock;;default;410;70;100;115;30;65;30;38
58;Politoed;186;Frog Pokémon;1,1;50;50;water;;default;500;90;75;75;90;100;70;33,9
480;Hoppip;187;Cottonweed Pokémon;0,4;50;50;grass;flying;default;250;35;35;40;35;55;50;0,5
443;Skiploom;188;Cottonweed Pokémon;0,6;50;50;grass;flying;default;340;55;45;50;45;65;80;1
479;Jumpluff;189;Cottonweed Pokémon;0,8;50;50;grass;flying;default;460;75;55;70;55;95;110;3
46;Aipom;190;Long Tail Pokémon;0,8;50;50;normal;;default;360;55;70;55;40;55;85;11,5
51;Sunkern;191;Seed Pokémon;0,3;50;50;grass;;default;180;30;30;30;30;30;30;1,8
432;Sunflora;192;Sun Pokémon;0,8;50;50;grass;fairy;default;425;75;75;55;105;85;30;8,5
420;Yanma;193;Clear Wing Pokémon;1,2;50;50;bug;flying;default;390;65;65;45;75;45;95;38
422;Wooper;194;Water Fish Pokémon;0,4;50;50;water;ground;Paldean Wooper;210;55;45;45;25;25;15;8,5
451;Quagsire;195;Water Fish Pokémon;1,4;50;50;water;ground;default;430;95;85;85;65;65;35;75
491;Espeon;196;Sun Pokémon;0,9;87,5;12.5;psychic;psychic;default;525;65;65;60;130;95;110;26,5
47;Umbreon;197;Moonlight Pokémon;1;87,5;12.5;dark;;default;525;95;65;110;60;130;65;27
462;Murkrow;198;Darkness Pokémon;0,5;50;50;dark;flying;default;405;60;85;42;85;42;91;2,1
448;Slowking;199;Royal Pokémon;2;50;50;water;psychic;default;490;95;75;80;100;110;30;79,5
61;Misdreavus;200;Screech Pokémon;0,7;50;50;ghost;;default;435;60;60;60;85;85;85;1
425;Unown;201;Symbol Pokémon;0,5;;;psychic;normal;default;336;48;72;48;72;48;48;5
418;Wobbuffet;202;Patient Pokémon;1,3;50;50;psychic;fighting;default;405;190;33;58;33;58;33;28,5
489;Girafarig;203;Long Neck Pokémon;1,5;50;50;normal;psychic;default;455;70;80;65;90;65;85;41,5
454;Pineco;204;Bagworm Pokémon;0,6;50;50;bug;normal;default;290;50;65;90;35;35;15;7,2
485;Forretress;205;Bagworm Pokémon;1,2;50;50;bug;steel;default;465;75;90;140;60;60;40;125,8
66;Dunsparce;206;Land Snake Pokémon;1,5;50;50;normal;;default;415;100;70;70;65;65;45;14
488;Gligar;207;Flyscorpion Pokémon;1,1;50;50;ground;flying;default;430;65;75;105;35;65;85;64,8
437;Steelix;208;Iron Snake Pokémon;9,2;50;50;steel;ground;default;510;75;85;200;55;65;30;400
435;Snubbull;209;Fairy Pokémon;0,6;25;75;fairy;normal;default;300;60;80;50;40;40;30;7,8
484;Granbull;210;Fairy Pokémon;1,4;25;75;fairy;normal;default;450;90;120;75;60;60;45;48,7
455;Qwilfish;211;Balloon Pokémon;0,5;50;50;water;poison;Hisuian Qwilfish;440;65;95;85;55;55;85;3,9
446;Scizor;212;Pincer Pokémon;1,8;50;50;bug;steel;default;500;70;130;100;55;80;65;118
444;Shuckle;213;Mold Pokémon;0,6;50;50;bug;rock;default;505;20;10;230;10;230;5;20,5
481;Heracross;214;Single Horn Pokémon;1,5;50;50;bug;fighting;Mega Heracross;600;80;185;115;40;105;75;54
438;Sneasel;215;Sharp Claw Pokémon;0,9;50;50;dark;ice;Hisuian Sneasel;430;55;95;55;35;75;115;28
430;Teddiursa;216;Little Bear Pokémon;0,6;50;50;normal;dark;default;330;60;80;50;50;50;40;8,8
421;Ursaring;217;Hibernator Pokémon;1,8;50;50;normal;fighting;default;500;90;130;75;75;75;55;125,8
442;Slugma;218;Lava Pokémon;0,7;50;50;fire;normal;default;250;40;40;40;70;40;20;35
465;Magcargo;219;Lava Pokémon;0,8;50;50;fire;rock;default;430;60;50;120;90;80;30;55
433;Swinub;220;Pig Pokémon;0,4;50;50;ice;ground;default;250;50;50;40;30;30;50;6,5
457;Piloswine;221;Swine Pokémon;1,1;50;50;ice;ground;default;450;100;100;80;60;60;50;55,8
409;Corsola;222;Coral Pokémon;0,6;25;75;water;rock;Galarian Corsola;410;60;55;100;65;100;30;5
57;Remoraid;223;Jet Pokémon;0,6;50;50;water;;default;300;35;65;35;65;35;65;12
60;Octillery;224;Jet Pokémon;0,9;50;50;water;;default;480;75;105;75;105;75;45;28,5
417;Delibird;225;Delivery Pokémon;0,9;50;50;ice;flying;default;330;45;55;45;65;45;75;16,5
477;Mantine;226;Kite Pokémon;2,1;50;50;water;flying;default;485;85;40;70;80;140;70;220
449;Skarmory;227;Armor Bird Pokémon;1,7;50;50;steel;flying;default;465;65;80;140;40;70;70;50,5
472;Houndour;228;Dark Pokémon;0,6;50;50;dark;fire;default;330;45;60;30;80;50;65;10,8
476;Houndoom;229;Dark Pokémon;1,4;50;50;dark;fire;default;500;75;90;50;110;80;95;35
474;Kingdra;230;Dragon Pokémon;1,8;50;50;water;dragon;default;540;75;95;95;95;95;85;152
458;Phanpy;231;Long Nose Pokémon;0,5;50;50;ground;normal;default;330;90;60;60;40;40;40;33,5
405;Donphan;232;Armor Pokémon;1,1;50;50;ground;normal;default;500;90;120;120;60;60;50;120
453;Porygon2;233;Virtual Pokémon;0,6;;;normal;electric;default;515;85;80;90;105;95;60;32,5
53;Stantler;234;Big Horn Pokémon;1,4;50;50;normal;;default;465;73;95;62;85;65;85;71,2
55;Smeargle;235;Painter Pokémon;0,9;50;50;normal;;default;250;55;20;35;20;45;75;58,1
427;Tyrogue;236;Scuffle Pokémon;0,7;100;0;fighting;normal;default;210;35;35;35;35;35;35;46,3
64;Hitmontop;237;Handstand Pokémon;1,4;100;0;fighting;;default;455;50;95;95;35;110;70;48
441;Smoochum;238;Kiss Pokémon;0,4;0;100;ice;psychic;default;305;45;30;15;85;65;65;6
487;Elekid;239;Electric Pokémon;0,6;75;25;electric;normal;default;360;45;63;37;65;55;95;23,5
464;Magby;240;Live Coal Pokémon;0,7;75;25;fire;poison;default;365;45;75;37;70;55;83;21,4
63;Miltank;241;Milk Cow Pokémon;1,2;0;100;normal;;default;490;95;80;105;40;70;100;75,5
45;Blissey;242;Happiness Pokémon;1,5;0;100;normal;;default;540;255;10;10;75;135;55;46,8
452;Raikou;243;Thunder Pokémon;1,9;;;electric;psychic;default;580;90;85;75;115;100;115;178
67;Entei;244;Volcano Pokémon;2,1;;;fire;;default;580;115;115;85;90;75;100;198
440;Suicune;245;Aurora Pokémon;2;;;water;ice;default;580;100;75;115;90;115;85;187
470;Larvitar;246;Rock Skin Pokémon;0,6;50;50;rock;ground;default;300;50;64;50;45;50;41;72
459;Pupitar;247;Hard Shell Pokémon;1,2;50;50;rock;ground;default;410;70;84;70;65;70;51;152
428;Tyranitar;248;Armor Pokémon;2;50;50;rock;dark;Mega Tyranitar;700;100;164;150;95;120;71;202
466;Lugia;249;Diving Pokémon;5,2;;;psychic;flying;default;680;106;90;130;90;154;110;216
490;Ho-Oh;250;Rainbow Pokémon;3,8;;;fire;flying;default;680;106;130;90;110;154;90;199
413;Celebi;251;Time Travel Pokémon;0,6;;;psychic;grass;default;600;100;100;100;100;100;100;5
79;Treecko;252;Wood Gecko Pokémon;0,5;87,5;12.5;grass;;default;310;40;45;35;65;55;70;5
588;Grovyle;253;Wood Gecko Pokémon;0,9;87,5;12.5;grass;bug;default;405;50;65;45;85;65;95;21,6
89;Sceptile;254;Forest Pokémon;1,7;87,5;12.5;grass;;Mega Sceptile;630;70;110;75;145;85;145;52,2
522;Torchic;255;Chick Pokémon;0,4;87,5;12.5;fire;normal;default;310;45;60;40;70;50;45;2,5
607;Combusken;256;Young Fowl Pokémon;0,9;87,5;12.5;fire;fighting;default;405;60;85;60;85;60;55;19,5
508;Blaziken;257;Blaze Pokémon;1,9;87,5;12.5;fire;fighting;Mega Blaziken;630;80;160;80;130;80;100;52
558;Mudkip;258;Mud Fish Pokémon;0,4;87,5;12.5;water;normal;default;310;50;70;50;50;50;40;7,6
570;Marshtomp;259;Mud Fish Pokémon;0,7;87,5;12.5;water;ground;default;405;70;85;70;60;70;50;28
524;Swampert;260;Mud Fish Pokémon;1,5;87,5;12.5;water;ground;default;535;100;110;90;85;90;60;81,9
547;Poochyena;261;Bite Pokémon;0,5;50;50;dark;normal;default;220;35;55;35;30;30;35;13,6
94;Mightyena;262;Bite Pokémon;1;50;50;dark;;default;420;70;90;70;60;60;70;37
512;Zigzagoon;263;Tiny Raccoon Pokémon;0,4;50;50;normal;dark;Galarian Zigzagoon;240;38;30;41;30;41;60;17,5
579;Linoone;264;Rushing Pokémon;0,5;50;50;normal;dark;default;420;78;70;61;50;61;100;32,5
75;Wurmple;265;Worm Pokémon;0,3;50;50;bug;;default;195;45;45;35;20;30;20;3,6
86;Silcoon;266;Cocoon Pokémon;0,6;50;50;bug;;default;205;50;35;55;25;25;15;10
506;Beautifly;267;Butterfly Pokémon;1;50;50;bug;flying;default;395;60;70;50;100;50;65;28,4
71;Cascoon;268;Cocoon Pokémon;0,7;50;50;bug;;default;205;50;35;55;25;25;15;11,5
600;Dustox;269;Poison Moth Pokémon;1,2;50;50;bug;poison;default;385;60;50;70;50;90;65;31,6
572;Lotad;270;Water Weed Pokémon;0,5;50;50;water;grass;default;220;40;30;30;40;50;30;2,6
573;Lombre;271;Jolly Pokémon;1,2;50;50;water;grass;default;340;60;50;50;60;70;50;32,5
567;Ludicolo;272;Carefree Pokémon;1,5;50;50;water;grass;default;480;80;70;70;90;100;70;55
538;Seedot;273;Acorn Pokémon;0,5;50;50;grass;normal;default;220;40;40;50;30;30;30;4
553;Nuzleaf;274;Wily Pokémon;1;50;50;grass;dark;default;340;70;70;40;60;40;60;28
535;Shiftry;275;Wicked Pokémon;1,3;50;50;grass;dark;default;480;90;100;60;90;60;80;59,6
521;Taillow;276;Tiny Swallow Pokémon;0,3;50;50;normal;flying;default;270;40;55;30;30;30;85;2,3
526;Swellow;277;Swallow Pokémon;0,7;50;50;normal;flying;default;455;60;85;60;75;50;125;19,8
511;Wingull;278;Seagull Pokémon;0,6;50;50;water;flying;default;270;40;30;30;55;30;85;9,5
552;Pelipper;279;Water Bird Pokémon;1,2;50;50;water;flying;default;440;60;50;100;95;70;65;28
546;Ralts;280;Feeling Pokémon;0,4;50;50;psychic;fairy;default;198;28;25;25;45;35;40;6,6
585;Kirlia;281;Emotion Pokémon;0,8;50;50;psychic;fairy;default;278;38;35;35;65;55;50;20,2
593;Gardevoir;282;Embrace Pokémon;1,6;50;50;psychic;fairy;Mega Gardevoir;618;68;85;65;165;135;100;48,4
531;Surskit;283;Pond Skater Pokémon;0,5;50;50;bug;water;default;269;40;30;32;50;52;65;1,7
569;Masquerain;284;Eyeball Pokémon;0,8;50;50;bug;flying;default;454;70;60;62;100;82;80;3,6
87;Shroomish;285;Mushroom Pokémon;0,4;50;50;grass;;default;295;60;40;60;40;60;35;4,5
501;Breloom;286;Mushroom Pokémon;1,2;50;50;grass;fighting;default;460;60;130;80;60;60;70;36,4
82;Slakoth;287;Slacker Pokémon;0,8;50;50;normal;;default;280;60;60;60;35;35;30;24
519;Vigoroth;288;Wild Monkey Pokémon;1,4;50;50;normal;fighting;default;440;80;80;80;55;55;90;46,5
84;Slaking;289;Lazy Pokémon;2;50;50;normal;;default;670;150;160;100;95;65;100;130,5
557;Nincada;290;Trainee Pokémon;0,5;50;50;bug;ground;default;266;31;45;90;30;30;40;5,5
556;Ninjask;291;Ninja Pokémon;0,8;50;50;bug;flying;default;456;61;90;45;50;50;160;12
534;Shedinja;292;Shed Pokémon;0,8;;;bug;ghost;default;236;1;90;45;30;30;40;1,2
76;Whismur;293;Whisper Pokémon;0,6;50;50;normal;;default;240;64;51;23;51;23;28;16,3
568;Loudred;294;Big Voice Pokémon;1;50;50;normal;dark;default;360;84;71;43;71;43;48;40,5
105;Exploud;295;Loud Noise Pokémon;1,5;50;50;normal;;default;490;104;91;63;91;73;68;84
99;Makuhita;296;Guts Pokémon;1;75;25;fighting;;default;237;72;60;30;20;30;25;86,4
101;Hariyama;297;Arm Thrust Pokémon;2,3;75;25;fighting;;default;474;144;120;60;40;60;50;235,8
608;Azurill;298;Polka Dot Pokémon;0,2;25;75;normal;fairy;default;190;50;20;40;20;40;20;2
92;Nosepass;299;Compass Pokémon;1;50;50;rock;;default;375;30;45;135;45;90;30;97
88;Skitty;300;Kitten Pokémon;0,6;25;75;normal;;default;260;50;45;45;35;35;50;11
107;Delcatty;301;Prim Pokémon;1,1;25;75;normal;;default;400;70;65;65;55;55;90;32,6
544;Sableye;302;Darkness Pokémon;0,5;50;50;dark;ghost;Mega Sableye;480;50;85;125;85;115;20;11
565;Mawile;303;Deceiver Pokémon;0,6;50;50;steel;fairy;Mega Mawile;480;50;105;125;55;95;50;11,5
610;Aron;304;Iron Armor Pokémon;0,4;50;50;steel;rock;default;330;50;70;100;40;40;30;60
576;Lairon;305;Iron Armor Pokémon;0,9;50;50;steel;rock;default;430;60;90;140;50;50;40;120
615;Aggron;306;Iron Armor Pokémon;2,1;50;50;steel;rock;Mega Aggron;630;70;140;230;60;80;50;360
560;Meditite;307;Meditate Pokémon;0,6;50;50;fighting;psychic;default;280;30;40;55;40;55;60;11,2
564;Medicham;308;Meditate Pokémon;1,3;50;50;fighting;psychic;default;410;60;60;75;60;75;80;31,5
599;Electrike;309;Lightning Pokémon;0,6;50;50;electric;normal;default;295;40;45;40;65;40;65;15,2
97;Manectric;310;Discharge Pokémon;1,5;50;50;electric;;Mega Manectric;575;70;75;80;135;80;135;40,2
91;Plusle;311;Cheering Pokémon;0,4;50;50;electric;;default;405;60;50;40;85;75;95;4,2
93;Minun;312;Cheering Pokémon;0,4;50;50;electric;;default;405;60;40;50;75;85;95;4,2
518;Volbeat;313;Firefly Pokémon;0,7;100;0;bug;normal;default;430;65;73;75;47;85;85;17,7
584;Illumise;314;Firefly Pokémon;0,6;0;100;bug;normal;default;430;65;47;75;73;85;85;17,7
541;Roselia;315;Thorn Pokémon;0,3;50;50;grass;poison;default;400;50;60;45;100;80;65;2
589;Gulpin;316;Stomach Pokémon;0,4;50;50;poison;normal;default;302;70;43;53;43;53;40;10,3
525;Swalot;317;Poison Bag Pokémon;1,7;50;50;poison;normal;default;467;100;73;83;73;83;55;80
497;Carvanha;318;Savage Pokémon;0,8;50;50;water;dark;default;305;45;90;20;65;20;65;20,8
536;Sharpedo;319;Brutal Pokémon;1,8;50;50;water;dark;Mega Sharpedo;560;70;140;70;110;65;105;88,8
517;Wailmer;320;Ball Whale Pokémon;2;50;50;water;normal;default;400;130;70;35;70;35;60;130
78;Wailord;321;Float Whale Pokémon;14,5;50;50;water;;default;500;170;90;45;90;45;60;398
555;Numel;322;Numb Pokémon;0,7;50;50;fire;ground;default;305;60;60;40;65;45;35;24
499;Camerupt;323;Eruption Pokémon;1,9;50;50;fire;ground;default;460;70;100;70;105;75;40;220
81;Torkoal;324;Coal Pokémon;0,5;50;50;fire;;default;470;70;85;140;85;70;20;80,4
529;Spoink;325;Bounce Pokémon;0,6;50;50;psychic;normal;default;330;60;25;35;70;80;60;30,6
590;Grumpig;326;Manipulate Pokémon;0,9;50;50;psychic;normal;default;470;80;45;65;90;110;80;71,5
85;Spinda;327;Spot Panda Pokémon;1,1;50;50;normal;;default;360;60;60;60;60;60;60;5
80;Trapinch;328;Ant Pit Pokémon;0,7;50;50;ground;;default;290;45;100;45;45;45;10;15
520;Vibrava;329;Vibration Pokémon;1,1;50;50;ground;dragon;default;340;50;70;50;50;50;70;15,3
603;Flygon;330;Mystic Pokémon;2;50;50;ground;dragon;default;520;80;100;80;80;80;100;82
500;Cacnea;331;Cactus Pokémon;0,4;50;50;grass;poison;default;335;50;85;40;85;40;35;51,3
507;Cacturne;332;Scarecrow Pokémon;1,3;50;50;grass;dark;default;475;70;115;60;115;60;55;77,4
527;Swablu;333;Cotton Bird Pokémon;0,4;50;50;normal;flying;default;310;45;40;60;40;75;50;1,2
614;Altaria;334;Humming Pokémon;1,1;50;50;dragon;flying;default;490;75;70;90;70;105;80;20,6
77;Zangoose;335;Cat Ferret Pokémon;1,3;50;50;normal;;default;458;73;115;60;60;60;90;40,3
540;Seviper;336;Fang Snake Pokémon;2,7;50;50;poison;normal;default;458;73;100;60;100;60;65;52,5
571;Lunatone;337;Meteorite Pokémon;1;;;rock;psychic;default;460;90;55;65;95;85;70;168
530;Solrock;338;Meteorite Pokémon;0,94;;;rock;psychic;default;460;90;95;85;55;65;70;154,3
504;Barboach;339;Whiskers Pokémon;0,4;50;50;water;ground;default;288;50;48;43;46;41;60;1,9
514;Whiscash;340;Whiskers Pokémon;0,9;50;50;water;ground;default;468;110;78;73;76;71;60;23,6
108;Corphish;341;Ruffian Pokémon;0,6;50;50;water;;default;308;43;80;65;50;35;35;11,5
611;Crawdaunt;342;Rogue Pokémon;1,1;50;50;water;dark;default;468;63;120;85;90;55;55;32,8
609;Baltoy;343;Clay Doll Pokémon;0,5;;;ground;psychic;default;300;40;40;55;40;70;55;21,5
496;Claydol;344;Clay Doll Pokémon;1,5;;;ground;psychic;default;500;60;70;105;70;120;75;108
577;Lileep;345;Sea Lily Pokémon;1;87,5;12.5;rock;grass;default;355;66;41;77;61;87;23;23,8
604;Cradily;346;Barnacle Pokémon;1,5;87,5;12.5;rock;grass;default;495;86;81;97;81;107;43;60,4
612;Anorith;347;Old Shrimp Pokémon;0,7;87,5;12.5;rock;bug;default;355;45;95;50;40;50;75;12,5
605;Armaldo;348;Plate Pokémon;1,5;87,5;12.5;rock;bug;default;495;75;125;100;70;80;45;68,2
602;Feebas;349;Fish Pokémon;0,6;50;50;water;normal;default;200;20;15;20;10;55;80;7,4
95;Milotic;350;Tender Pokémon;6,2;50;50;water;;default;540;95;60;79;100;125;81;162
495;Castform;351;Weather Pokémon;0,3;50;50;normal;fire;default;420;70;70;70;70;70;70;0,8
586;Kecleon;352;Color Swap Pokémon;1;50;50;normal;dark;default;440;60;90;70;60;120;40;22
532;Shuppet;353;Puppet Pokémon;0,6;50;50;ghost;dark;default;295;44;75;35;63;33;45;2,3
73;Banette;354;Marionette Pokémon;1,1;50;50;ghost;;Mega Banette;555;64;165;75;93;83;75;12,5
601;Duskull;355;Requiem Pokémon;0,8;50;50;ghost;normal;default;295;20;40;90;30;90;25;15
106;Dusclops;356;Beckon Pokémon;1,6;50;50;ghost;;default;455;40;70;130;60;130;25;30,6
516;Tropius;357;Fruit Pokémon;2;50;50;grass;flying;default;460;99;68;83;72;87;51;100
70;Chimecho;358;Wind Chime Pokémon;0,6;50;50;psychic;;default;455;75;50;80;95;90;65;1
503;Absol;359;Disaster Pokémon;1,2;50;50;dark;normal;default;465;65;130;60;75;60;75;47
510;Wynaut;360;Bright Pokémon;0,6;50;50;psychic;normal;default;260;95;23;48;23;48;23;14
83;Snorunt;361;Snow Hat Pokémon;0,7;50;50;ice;;default;300;50;50;50;50;50;50;16,8
104;Glalie;362;Face Pokémon;1,5;50;50;ice;;default;480;80;80;80;80;80;80;256,5
528;Spheal;363;Clap Pokémon;0,8;50;50;ice;water;default;290;70;40;50;55;50;25;39,5
539;Sealeo;364;Ball Roll Pokémon;1,1;50;50;ice;water;default;410;90;60;70;75;70;45;87,6
515;Walrein;365;Ice Break Pokémon;1,4;50;50;ice;water;default;530;110;80;90;95;90;65;150,6
72;Clamperl;366;Bivalve Pokémon;0,4;50;50;water;;default;345;35;64;85;74;55;32;52,5
100;Huntail;367;Deep Sea Pokémon;1,7;50;50;water;;default;485;55;104;105;94;75;52;27
102;Gorebyss;368;South Sea Pokémon;1,8;50;50;water;;default;485;55;84;105;114;75;52;22,6
554;Relicanth;369;Longevity Pokémon;1;87,5;12.5;water;rock;default;485;100;90;130;45;65;55;23,4
96;Luvdisc;370;Rendezvous Pokémon;0,6;25;75;water;;default;330;43;30;55;40;65;97;8,7
606;Bagon;371;Rock Head Pokémon;0,6;50;50;dragon;normal;default;300;45;75;60;40;30;50;42,1
533;Shelgon;372;Endurance Pokémon;1,1;50;50;dragon;normal;default;420;65;95;100;60;50;50;110,5
543;Salamence;373;Dragon Pokémon;1,5;50;50;dragon;flying;default;600;95;135;80;110;80;100;102,6
505;Beldum;374;Iron Ball Pokémon;0,6;;;steel;psychic;default;300;40;55;80;35;60;30;95,2
559;Metang;375;Iron Claw Pokémon;1,2;;;steel;psychic;default;420;60;75;100;55;80;50;202,5
562;Metagross;376;Iron Leg Pokémon;1,6;;;steel;psychic;default;600;80;135;130;95;90;70;550
550;Regirock;377;Rock Peak Pokémon;1,7;;;rock;normal;default;580;80;100;200;50;100;50;230
244;Regice;378;Iceberg Pokémon;1,8;;;ice;normal;default;580;80;50;100;100;200;50;175
551;Registeel;379;Iron Pokémon;1,9;;;steel;normal;default;580;80;75;150;75;150;50;205
582;Latias;380;Eon Pokémon;1,4;0;100;dragon;psychic;Mega Latias;700;80;100;120;140;150;110;40
575;Latios;381;Eon Pokémon;2;100;0;dragon;psychic;default;600;80;90;80;130;110;110;60
580;Kyogre;382;Sea Basin Pokémon;4,5;;;water;rock;Primal Kyogre;770;100;150;90;180;160;90;352
591;Groudon;383;Continent Pokémon;3,5;;;ground;rock;Primal Groudon;770;100;180;160;150;90;90;950
549;Rayquaza;384;Sky High Pokémon;7;;;dragon;flying;default;680;105;150;90;150;90;95;206,5
587;Jirachi;385;Wish Pokémon;0,3;;;steel;psychic;default;600;100;100;100;100;100;100;1,1
595;Deoxys;386;DNA Pokémon;1,7;;;psychic;normal;Normal Forme;600;50;150;50;150;50;150;60,8
636;Turtwig;387;Tiny Leaf Pokémon;0,4;87,5;12.5;grass;normal;default;318;55;68;64;45;55;31;10,2
685;Grotle;388;Grove Pokémon;1,1;87,5;12.5;grass;normal;default;405;75;89;85;55;65;36;97
640;Torterra;389;Continent Pokémon;2,2;87,5;12.5;grass;ground;default;525;95;109;105;75;85;56;310
619;Chimchar;390;Chimp Pokémon;0,5;87,5;12.5;fire;normal;default;309;44;58;44;58;44;61;6,2
674;Monferno;391;Playful Pokémon;0,9;87,5;12.5;fire;fighting;default;405;64;78;52;78;52;81;22
691;Infernape;392;Flame Pokémon;1,2;87,5;12.5;fire;fighting;default;534;76;104;71;104;71;108;55
669;Piplup;393;Penguin Pokémon;0,4;87,5;12.5;water;normal;default;314;53;51;53;61;56;40;5,2
666;Prinplup;394;Penguin Pokémon;0,8;87,5;12.5;water;steel;default;405;64;66;68;81;76;50;23
704;Empoleon;395;Emperor Pokémon;1,7;87,5;12.5;water;steel;default;530;84;86;88;111;101;60;84,5
650;Starly;396;Starling Pokémon;0,3;50;50;normal;flying;default;245;40;55;30;30;30;60;2
642;Staravia;397;Starling Pokémon;0,6;50;50;normal;flying;default;340;55;75;50;40;40;80;15,5
646;Staraptor;398;Predator Pokémon;1,2;50;50;normal;flying;default;485;85;120;70;50;60;100;24,9
112;Bidoof;399;Plump Mouse Pokémon;0,5;50;50;normal;;default;250;59;45;40;35;40;31;20
628;Bibarel;400;Beaver Pokémon;1;50;50;normal;water;default;410;79;85;60;55;60;71;31,5
125;Kricketot;401;Cricket Pokémon;0,3;50;50;bug;;default;194;37;25;41;25;41;25;2,2
123;Kricketune;402;Cricket Pokémon;1;50;50;bug;;default;384;77;85;51;55;51;65;25,5
647;Shinx;403;Flash Pokémon;0,5;50;50;electric;normal;default;263;45;65;34;40;34;45;9,5
682;Luxio;404;Spark Pokémon;0,9;50;50;electric;normal;default;363;60;85;49;60;49;60;30,5
118;Luxray;405;Gleam Eyes Pokémon;1,4;50;50;electric;;default;523;80;120;79;95;79;70;42
629;Budew;406;Bud Pokémon;0,2;50;50;grass;poison;default;280;40;30;35;50;70;55;1,2
653;Roserade;407;Bouquet Pokémon;1;50;50;grass;poison;default;515;60;70;65;125;105;90;14,5
716;Cranidos;408;Head Butt Pokémon;0,9;87,5;12.5;rock;normal;default;350;67;125;40;30;30;58;31,5
668;Rampardos;409;Head Butt Pokémon;1,6;87,5;12.5;rock;normal;default;495;97;165;60;65;50;58;102,5
652;Shieldon;410;Shield Pokémon;0,5;87,5;12.5;rock;steel;default;350;30;42;118;42;88;30;57
715;Bastiodon;411;Shield Pokémon;1,3;87,5;12.5;rock;steel;default;495;60;52;168;47;138;30;149,5
621;Burmy;412;Bagworm Pokémon;0,2;50;50;bug;normal;Plant Cloak;224;40;29;45;29;45;36;3,4
633;Wormadam;413;Bagworm Pokémon;0,5;0;100;bug;grass;Plant Cloak;424;60;59;85;79;105;36;6,5
675;Mothim;414;Moth Pokémon;0,9;100;0;bug;flying;default;424;70;94;50;94;50;66;23,3
713;Combee;415;Tiny Bee Pokémon;0,3;87,5;12.5;bug;flying;default;244;30;30;42;30;42;70;5,5
637;Vespiquen;416;Beehive Pokémon;1,2;0;100;bug;flying;default;474;70;80;102;80;102;40;38,5
673;Pachirisu;417;EleSquirrel Pokémon;0,4;50;50;electric;normal;default;405;60;45;70;45;90;95;3,9
626;Buizel;418;Sea Weasel Pokémon;0,7;50;50;water;normal;default;330;55;65;35;60;30;85;29,5
702;Floatzel;419;Sea Weasel Pokémon;1,1;50;50;water;ice;default;495;85;105;55;85;50;115;33,5
111;Cherubi;420;Cherry Pokemon;0,4;50;50;grass;;default;275;45;35;45;62;53;35;3,3
109;Cherrim;421;Blossom Pokémon;0,5;50;50;grass;;default;450;70;60;70;87;78;85;9,3
113;Shellos;422;Sea Slug Pokémon;0,3;50;50;water;;default;325;76;48;48;57;62;34;6,3
695;Gastrodon;423;Sea Slug Pokémon;0,9;50;50;water;ground;default;475;111;83;68;92;82;39;29,9
717;Ambipom;424;Long Tail Pokémon;1,2;50;50;normal;psychic;default;482;75;100;66;60;66;115;20,3
706;Drifloon;425;Balloon Pokémon;0,4;50;50;ghost;flying;default;348;90;50;34;60;44;70;1,2
705;Drifblim;426;Blimp Pokémon;1,2;50;50;ghost;flying;default;498;150;80;44;90;54;80;15
110;Buneary;427;Rabbit Pokémon;0,7;50;50;normal;;default;350;55;66;44;44;56;85;5,5
120;Lopunny;428;Rabbit Pokémon;1,2;50;50;normal;;Mega Lopunny;580;65;136;94;54;96;135;33,3
672;Mismagius;429;Magical Pokémon;0,9;50;50;ghost;fire;default;495;60;60;60;105;105;105;4,4
686;Honchkrow;430;Big Boss Pokémon;0,9;50;50;dark;flying;default;505;100;125;52;105;52;71;27,3
127;Glameow;431;Catty Pokémon;0,5;25;75;normal;;default;310;49;55;42;42;37;85;3,9
114;Purugly;432;Tiger Cat Pokémon;1;25;75;normal;;default;452;71;82;64;64;59;112;43,8
625;Chingling;433;Bell Pokémon;0,2;50;50;psychic;normal;default;285;45;30;50;65;50;45;0,6
643;Stunky;434;Skunk Pokémon;0,4;50;50;poison;dark;default;329;63;63;47;41;41;74;19,2
649;Skuntank;435;Skunk Pokémon;1;50;50;poison;dark;default;479;103;93;67;71;61;84;38
627;Bronzor;436;Bronze Pokémon;0,5;;;steel;psychic;default;300;57;24;86;24;86;23;60,5
630;Bronzong;437;Bronze Bell Pokémon;1,3;;;steel;psychic;default;500;67;89;116;79;116;33;187
631;Bonsly;438;Bonsai Pokémon;0,5;50;50;rock;dark;default;290;50;80;95;10;45;10;15
676;Mime Jr.;439;Mime Pokémon;0,6;50;50;psychic;fairy;default;310;20;25;45;70;90;60;13
126;Happiny;440;Playhouse Pokémon;0,6;0;100;normal;;default;220;100;5;5;15;65;30;24,4
620;Chatot;441;Music Note Pokémon;0,5;50;50;normal;flying;default;411;76;65;45;92;42;91;1,9
648;Spiritomb;442;Forbidden Pokémon;1;50;50;ghost;dark;default;485;50;92;108;92;108;35;108
694;Gible;443;Land Shark Pokémon;0,7;50;50;dragon;ground;default;300;58;70;45;40;45;42;20,5
701;Gabite;444;Cave Pokémon;1,4;50;50;dragon;ground;default;410;68;90;65;50;55;82;56
696;Garchomp;445;Mach Pokémon;1,9;50;50;dragon;ground;Mega Garchomp;700;108;170;115;120;95;92;95
117;Munchlax;446;Big Eater Pokémon;0,6;87,5;12.5;normal;;default;390;135;85;40;40;85;5;105
664;Riolu;447;Emanation Pokémon;0,7;87,5;12.5;fighting;normal;default;285;40;70;40;35;40;60;20,2
684;Lucario;448;Aura Pokémon;1,2;87,5;12.5;fighting;steel;default;525;70;110;70;115;70;90;54,1
690;Hippopotas;449;Hippo Pokémon;0,8;50;50;ground;rock;default;330;68;72;78;38;42;32;49,5
687;Hippowdon;450;Heavyweight Pokémon;2;50;50;ground;ice;default;525;108;112;118;68;72;47;300
645;Skorupi;451;Scorpion Pokémon;0,8;50;50;poison;bug;default;330;40;50;90;30;55;65;12
707;Drapion;452;Ogre Scorp Pokémon;1,3;50;50;poison;dark;default;500;70;90;110;60;75;95;61,5
708;Croagunk;453;Toxic Mouth Pokémon;0,7;50;50;poison;fighting;default;300;48;61;40;61;40;50;23
639;Toxicroak;454;Toxic Mouth Pokémon;1,3;50;50;poison;fighting;default;490;83;106;65;86;65;85;44,4
624;Carnivine;455;Bug Catcher Pokémon;1,4;50;50;grass;ground;default;454;74;100;72;90;72;46;27
703;Finneon;456;Wing Fish Pokémon;0,4;50;50;water;normal;default;330;49;49;56;49;61;66;7
119;Lumineon;457;Neon Pokémon;1,2;50;50;water;;default;460;69;69;76;69;86;91;24
679;Mantyke;458;Kite Pokémon;1;50;50;water;flying;default;345;45;20;50;60;120;50;65
644;Snover;459;Frost Tree Pokémon;1;50;50;grass;ice;default;334;60;62;50;62;60;40;50,5
617;Abomasnow;460;Frost Tree Pokémon;2,2;50;50;grass;ice;Mega Abomasnow;594;90;132;105;132;105;30;135,5
638;Weavile;461;Sharp Claw Pokémon;1,1;50;50;dark;ice;default;510;70;120;65;45;85;125;34
678;Magnezone;462;Magnet Area Pokémon;1,2;;;electric;steel;default;535;70;70;115;130;90;60;180
122;Lickilicky;463;Licking Pokémon;1,7;50;50;normal;;default;515;110;85;95;80;95;50;140
655;Rhyperior;464;Drill Pokémon;2,4;50;50;ground;rock;default;535;115;140;130;55;55;40;282,8
651;Tangrowth;465;Vine Pokémon;2;50;50;grass;;default;535;100;100;125;110;50;50;128,6
130;Electivire;466;Thunderbolt Pokémon;1,8;75;25;electric;;default;540;75;123;67;95;85;95;138,6
680;Magmortar;467;Blast Pokémon;1,6;75;25;fire;electric;default;540;75;95;67;125;95;83;68
641;Togekiss;468;Jubilee Pokémon;1,5;87,5;12.5;fairy;flying;default;545;85;50;95;120;115;80;38
632;Yanmega;469;Ogre Darner Pokémon;1,9;50;50;bug;flying;default;515;86;76;86;116;56;95;51,5
124;Leafeon;470;Verdant Pokémon;1;87,5;12.5;grass;;default;525;65;110;130;60;65;95;25,5
128;Glaceon;471;Fresh Snow Pokémon;0,8;87,5;12.5;ice;;default;525;65;60;110;130;95;65;25,9
689;Gliscor;472;Fang Scorp Pokémon;2;50;50;ground;flying;default;510;75;95;125;45;75;95;42,5
681;Mamoswine;473;Twin Tusk Pokémon;2,5;50;50;ice;ground;default;530;110;130;80;70;60;80;291
667;Porygon-Z;474;Virtual Pokémon;0,9;;;normal;psychic;default;535;85;80;70;135;75;90;34
699;Gallade;475;Blade Pokémon;1,6;100;0;psychic;fighting;default;518;68;125;65;65;115;80;52
665;Probopass;476;Compass Pokémon;1,4;50;50;rock;steel;default;525;60;55;145;75;150;40;340
129;Dusknoir;477;Gripper Pokémon;2,2;50;50;ghost;;default;525;45;100;135;65;135;45;106,6
700;Froslass;478;Snow Land Pokémon;1,3;0;100;ice;ghost;default;480;70;80;70;80;70;110;26,6
659;Rotom;479;Plasma Pokémon;0,3;;;electric;ghost;Wash Rotom;520;50;65;107;105;107;86;0,3
1105;Uxie;480;Knowledge Pokémon;0,3;;;psychic;dark;default;580;75;75;130;75;130;95;0,3
116;Mesprit;481;Emotion Pokémon;0,3;;;psychic;;default;580;80;105;105;105;105;80;0,3
714;Azelf;482;Willpower Pokémon;0,3;;;psychic;normal;default;580;75;125;70;125;70;115;0,3
709;Dialga;483;Temporal Pokémon;5,4;;;steel;dragon;Origin Forme;680;100;100;120;150;120;90;683
670;Palkia;484;Spatial Pokémon;4,2;;;water;dragon;Origin Forme;680;90;100;100;150;120;120;336
688;Heatran;485;Lava Dome Pokémon;1,7;50;50;fire;steel;default;600;91;90;106;130;106;77;430
654;Regigigas;486;Colossal Pokémon;3,7;;;normal;steel;default;670;110;160;110;80;110;100;420
693;Giratina;487;Renegade Pokémon;4,5;;;ghost;dragon;Origin Forme;680;150;120;100;120;100;90;750
131;Cresselia;488;Lunar Pokémon;1,5;0;100;psychic;;default;580;120;70;110;75;120;85;85,6
115;Phione;489;Sea Drifter Pokémon;0,4;;;water;;default;480;80;80;80;80;80;80;3,1
677;Manaphy;490;Seafaring Pokémon;0,3;;;water;bug;default;600;100;100;100;100;100;100;1,4
711;Darkrai;491;Pitch-Black Pokémon;1,5;;;dark;ghost;default;600;70;90;90;135;90;125;50,5
657;Shaymin;492;Gratitude Pokémon;0,2;;;grass;normal;Sky Forme;600;100;103;75;120;75;127;2,1
712;Arceus;493;Alpha Pokémon;3,2;;;normal;fire;default;720;120;120;120;120;120;120;320
748;Victini;494;Victory Pokémon;0,4;;;psychic;fire;default;600;100;100;100;100;100;100;4
770;Snivy;495;Grass Snake Pokémon;0,6;87,5;12.5;grass;normal;default;308;45;45;55;45;55;63;8,1
781;Servine;496;Grass Snake Pokémon;0,8;87,5;12.5;grass;normal;default;413;60;60;75;60;75;83;16
780;Serperior;497;Regal Pokémon;3,3;87,5;12.5;grass;normal;default;528;75;75;95;75;95;113;63
245;Tepig;498;Fire Pig Pokémon;0,5;87,5;12.5;fire;;default;308;65;63;45;45;45;45;9,9
790;Pignite;499;Fire Pig Pokémon;1;87,5;12.5;fire;fighting;default;418;90;93;55;70;55;55;55,5
839;Emboar;500;Mega Fire Pig Pokémon;1,6;87,5;12.5;fire;fighting;default;528;110;123;65;100;65;65;150
797;Oshawott;501;Sea Otter Pokémon;0,5;87,5;12.5;water;normal;default;308;55;55;45;63;45;45;5,9
159;Dewott;502;Discipline Pokémon;0,8;87,5;12.5;water;;default;413;75;75;60;83;60;60;24,5
143;Samurott;503;Formidable Pokémon;1,5;87,5;12.5;water;;default;528;95;100;85;108;70;70;94,6
144;Patrat;504;Scout Pokémon;0,5;50;50;normal;;default;255;45;55;39;35;39;42;11,6
741;Watchog;505;Lookout Pokémon;1,1;50;50;normal;ghost;default;420;60;85;69;60;69;77;27
150;Lillipup;506;Puppy Pokémon;0,4;50;50;normal;;default;275;45;60;45;25;45;55;4,1
155;Herdier;507;Loyal Dog Pokémon;0,9;50;50;normal;;default;370;65;80;65;35;65;60;14,7
769;Stoutland;508;Big-Hearted Pokémon;1,2;50;50;normal;ice;default;500;85;110;90;45;90;80;61
789;Purrloin;509;Devious Pokémon;0,4;50;50;dark;normal;default;281;41;50;37;50;37;66;10,1
803;Liepard;510;Cruel Pokémon;1,1;50;50;dark;normal;default;446;64;88;50;88;50;106;37,5
794;Pansage;511;Grass Monkey Pokémon;0,6;87,5;12.5;grass;normal;default;316;50;53;48;53;48;64;10,5
775;Simisage;512;Thorn Monkey Pokémon;0,9;87,5;12.5;grass;normal;default;498;75;98;63;98;63;101;30,5
791;Pansear;513;High Temp Pokémon;0,6;87,5;12.5;fire;normal;default;316;50;53;48;53;48;64;11
771;Simisear;514;Ember Pokémon;1;87,5;12.5;fire;normal;default;498;75;98;63;98;63;101;28
795;Panpour;515;Spray Pokémon;0,6;87,5;12.5;water;normal;default;316;50;53;48;53;48;64;13,5
776;Simipour;516;Geyser Pokémon;0,9;87,5;12.5;water;normal;default;498;75;98;63;98;63;101;29
146;Munna;517;Dream Eater Pokémon;0,6;50;50;psychic;;default;292;76;25;45;67;55;24;23,3
149;Musharna;518;Drowsing Pokémon;1,1;50;50;psychic;;default;487;116;55;85;107;95;29;60,5
792;Pidove;519;Tiny Pigeon Pokémon;0,3;50;50;normal;flying;default;264;50;55;50;36;30;43;2,1
756;Tranquill;520;Wild Pigeon Pokémon;0,6;50;50;normal;flying;default;358;62;77;62;50;42;65;15
753;Unfezant;521;Proud Pokémon;1,2;100;0;normal;flying;default;488;80;115;80;65;55;93;29
723;Blitzle;522;Electrified Pokémon;0,8;50;50;electric;normal;default;295;45;60;32;50;32;76;29,8
137;Zebstrika;523;Thunderbolt Pokémon;1,6;50;50;electric;;default;497;75;100;63;80;63;116;79,5
785;Roggenrola;524;Mantle Pokémon;0,4;50;50;rock;normal;default;280;55;75;85;25;25;15;18
132;Boldore;525;Ore Pokémon;0,9;50;50;rock;;default;390;70;105;105;50;40;20;102
156;Gigalith;526;Compressed Pokémon;1,7;50;50;rock;;default;515;85;135;130;60;80;25;260
746;Woobat;527;Bat Pokémon;0,4;50;50;psychic;flying;default;323;65;45;43;55;43;72;2,1
764;Swoobat;528;Courting Pokémon;0,9;50;50;psychic;flying;default;425;67;57;55;77;55;114;10,5
847;Drilbur;529;Mole Pokémon;0,3;50;50;ground;normal;default;328;60;85;40;30;45;68;8,5
835;Excadrill;530;Subterrene Pokémon;0,7;50;50;ground;steel;default;508;110;135;60;50;65;88;40,4
135;Audino;531;Hearing Pokémon;1,1;50;50;normal;;Mega Audino;545;103;60;126;80;126;50;31
760;Timburr;532;Muscular Pokémon;0,6;75;25;fighting;normal;default;305;75;80;55;25;35;35;12,5
825;Gurdurr;533;Muscular Pokémon;1,2;75;25;fighting;normal;default;405;85;105;85;40;50;40;40
856;Conkeldurr;534;Muscular Pokémon;1,4;75;25;fighting;normal;default;505;105;140;95;55;65;45;87
138;Tympole;535;Tadpole Pokémon;0,5;50;50;water;;default;294;50;50;40;50;40;64;4,5
796;Palpitoad;536;Vibration Pokémon;0,8;50;50;water;ground;default;384;75;65;55;65;55;69;17
774;Seismitoad;537;Vibration Pokémon;1,5;50;50;water;ground;default;509;105;95;75;85;75;74;62
139;Throh;538;Judo Pokémon;1,3;100;0;fighting;;default;465;120;100;85;30;85;45;55,5
141;Sawk;539;Karate Pokémon;1,4;100;0;fighting;;default;465;75;125;75;30;75;85;51
773;Sewaddle;540;Sewing Pokémon;0,3;50;50;bug;grass;default;310;45;53;70;40;60;42;2,5
766;Swadloon;541;Leaf-Wrapped Pokémon;0,5;50;50;bug;grass;default;380;55;63;90;50;80;42;7,3
804;Leavanny;542;Nurturing Pokémon;1,2;50;50;bug;grass;default;500;75;103;80;70;80;92;20,5
749;Venipede;543;Centipede Pokémon;0,3;50;50;bug;poison;default;260;30;45;59;30;39;57;5,3
739;Whirlipede;544;Curlipede Pokémon;0,9;50;50;bug;poison;default;360;40;55;99;40;79;47;58,6
782;Scolipede;545;Megapede Pokémon;2,5;50;50;bug;poison;default;485;60;100;89;55;69;112;200,5
848;Cottonee;546;Cotton Puff Pokémon;0,3;50;50;grass;fairy;default;280;40;27;60;37;50;66;0,6
740;Whimsicott;547;Windveiled Pokémon;0,7;50;50;grass;fairy;default;480;60;67;85;77;75;116;6,6
145;Petilil;548;Bulb Pokémon;0,5;0;100;grass;;default;280;45;35;50;70;50;30;6,6
152;Lilligant;549;Flowering Pokémon;1,1;0;100;grass;;Hisuian Lilligant;480;70;105;75;50;75;105;16,3
727;Basculin;550;Hostile Pokémon;1;50;50;water;normal;White-Striped Form;460;70;92;65;80;55;98;18
787;Sandile;551;Desert Croc Pokémon;0,7;50;50;ground;dark;default;292;50;72;35;35;35;65;15,2
813;Krokorok;552;Desert Croc Pokémon;1;50;50;ground;dark;default;351;60;82;45;45;45;74;33,4
812;Krookodile;553;Intimidation Pokémon;1,5;50;50;ground;dark;default;519;95;117;80;65;70;92;96,3
850;Darumaka;554;Zen Charm Pokémon;0,6;50;50;fire;ice;Galarian Darumaka;315;70;90;45;15;45;50;37,5
854;Darmanitan;555;Blazing Pokémon;1,3;50;50;fire;ice;Galarian Standard Mode;480;105;140;55;30;55;95;92,9
151;Maractus;556;Cactus Pokémon;1;50;50;grass;;default;461;75;86;67;106;67;60;28
843;Dwebble;557;Rock Inn Pokémon;0,3;50;50;bug;rock;default;325;50;65;85;35;35;55;14,5
858;Crustle;558;Stone Home Pokémon;1,4;50;50;bug;rock;default;485;70;105;125;65;75;45;200
777;Scraggy;559;Shedding Pokémon;0,6;50;50;dark;fighting;default;348;50;75;70;35;70;48;11,8
779;Scrafty;560;Hoodlum Pokémon;1,1;50;50;dark;fighting;default;488;65;90;115;45;115;58;30
772;Sigilyph;561;Avianoid Pokémon;1,4;50;50;psychic;flying;default;490;72;58;80;103;80;97;14
743;Yamask;562;Spirit Pokémon;0,5;50;50;ghost;ground;default;303;38;30;85;55;65;30;1,5
161;Cofagrigus;563;Coffin Pokémon;1,7;50;50;ghost;;default;483;58;50;145;95;105;30;76,5
759;Tirtouga;564;Prototurtle Pokémon;0,7;87,5;12.5;water;rock;default;355;54;78;103;53;45;22;16,5
730;Carracosta;565;Prototurtle Pokémon;1,2;87,5;12.5;water;rock;default;495;74;108;133;83;65;32;81
731;Archen;566;First Bird Pokémon;0,5;87,5;12.5;rock;flying;default;401;55;112;45;74;45;70;9,5
736;Archeops;567;First Bird Pokémon;1,4;87,5;12.5;rock;flying;default;567;75;140;65;112;65;110;32
755;Trubbish;568;Trash Bag Pokémon;0,6;50;50;poison;normal;default;329;50;50;62;40;62;65;31
829;Garbodor;569;Trash Heap Pokémon;1,9;50;50;poison;normal;default;474;80;95;82;60;82;75;107,3
738;Zorua;570;Tricky Fox Pokémon;0,7;87,5;12.5;dark;normal;default;330;40;65;40;80;40;65;12,6
734;Zoroark;571;Illusion Fox Pokémon;1,6;87,5;12.5;dark;normal;default;510;60;105;60;120;60;105;81,1
147;Minccino;572;Chinchilla Pokémon;0,4;25;75;normal;;default;300;55;50;40;40;40;75;5,8
722;Cinccino;573;Scarf Pokémon;0,5;25;75;normal;grass;default;470;75;95;60;65;60;115;7,5
828;Gothita;574;Fixation Pokémon;0,4;25;75;psychic;normal;default;290;45;30;50;55;65;45;5,8
827;Gothorita;575;Manipulate Pokémon;0,7;25;75;psychic;normal;default;390;60;45;70;75;85;55;18
826;Gothitelle;576;Astral Body Pokémon;1,5;25;75;psychic;normal;default;490;70;55;95;95;110;65;44
140;Solosis;577;Cell Pokémon;0,3;50;50;psychic;;default;290;45;30;40;105;50;20;1
158;Duosion;578;Mitosis Pokémon;0,6;50;50;psychic;;default;370;65;40;50;125;60;30;8
786;Reuniclus;579;Multiplying Pokémon;1;50;50;psychic;normal;default;490;110;65;75;125;85;30;20,1
845;Ducklett;580;Water Bird Pokémon;0,5;50;50;water;flying;default;305;62;44;50;44;50;55;5,5
765;Swanna;581;White Bird Pokémon;1,3;50;50;water;flying;default;473;75;87;63;87;63;98;24,2
751;Vanillite;582;Fresh Snow Pokémon;0,4;50;50;ice;ghost;default;305;36;50;50;65;60;44;5,7
752;Vanillish;583;Icy Snow Pokémon;1,1;50;50;ice;ghost;default;395;51;65;65;80;75;59;41
750;Vanilluxe;584;Snowstorm Pokémon;1,5;50;50;ice;normal;default;535;71;95;85;110;95;79;57,5
849;Deerling;585;Season Pokémon;0,6;50;50;normal;grass;default;335;60;60;50;40;50;75;19,5
783;Sawsbuck;586;Season Pokémon;1,9;50;50;normal;grass;default;475;80;100;70;60;70;95;92,5
837;Emolga;587;Sky Squirrel Pokémon;0,4;50;50;electric;flying;default;428;55;75;60;75;60;103;5
821;Karrablast;588;Clamping Pokémon;0,5;50;50;bug;flying;default;315;50;75;45;40;45;60;5,9
836;Escavalier;589;Cavalry Pokémon;1;50;50;bug;steel;default;495;70;135;105;60;105;20;33
830;Foongus;590;Mushroom Pokémon;0,2;50;50;grass;poison;default;294;69;55;45;55;55;15;1
860;Amoonguss;591;Mushroom Pokémon;0,6;50;50;grass;poison;default;464;114;85;70;85;80;30;10,5
833;Frillish;592;Floating Pokémon;1,2;50;50;water;ghost;default;335;55;40;50;65;85;40;33
815;Jellicent;593;Floating Pokémon;2,2;50;50;water;ghost;default;480;100;60;70;85;105;60;135
861;Alomomola;594;Caring Pokémon;1,2;50;50;water;normal;default;470;165;75;80;40;45;65;31,6
820;Joltik;595;Attaching Pokémon;0,1;50;50;bug;electric;default;319;50;47;50;57;50;65;0,6
832;Galvantula;596;EleSpider Pokémon;0,8;50;50;bug;electric;default;472;70;77;60;97;60;108;14,3
841;Ferroseed;597;Thorn Seed Pokémon;0,6;50;50;grass;steel;default;305;44;50;91;24;86;10;18,8
838;Ferrothorn;598;Thorn Pod Pokémon;1;50;50;grass;steel;default;489;74;94;131;54;116;20;110
816;Klink;599;Gear Pokémon;0,3;;;steel;electric;default;300;40;55;70;45;60;30;21
819;Klang;600;Gear Pokémon;0,6;;;steel;electric;default;440;60;80;95;70;85;50;51
814;Klinklang;601;Gear Pokémon;0,6;;;steel;electric;default;520;60;100;115;70;85;90;81
754;Tynamo;602;EleFish Pokémon;0,2;50;50;electric;normal;default;275;35;55;40;45;40;60;0,3
842;Eelektrik;603;EleFish Pokémon;1,2;50;50;electric;dark;default;405;65;85;70;75;70;40;22
840;Eelektross;604;EleFish Pokémon;2,1;50;50;electric;dark;default;515;85;115;80;105;80;50;85,5
157;Elgyem;605;Cerebral Pokémon;0,5;50;50;psychic;;default;335;55;55;55;85;55;30;9
134;Beheeyem;606;Cerebral Pokémon;1;50;50;psychic;;default;485;75;75;75;125;95;40;34,5
799;Litwick;607;Candle Pokémon;0,3;50;50;ghost;fire;default;275;50;30;55;65;55;20;3,1
807;Lampent;608;Lamp Pokémon;0,6;50;50;ghost;fire;default;370;60;40;60;95;60;55;13
729;Chandelure;609;Luring Pokémon;1;50;50;ghost;fire;default;520;60;55;90;145;90;80;34,3
728;Axew;610;Tusk Pokémon;0,6;50;50;dragon;normal;default;320;46;87;60;30;40;57;18
834;Fraxure;611;Axe Jaw Pokémon;1;50;50;dragon;normal;default;410;66;117;70;40;50;67;36
154;Haxorus;612;Axe Jaw Pokémon;1,8;50;50;dragon;;default;540;76;147;90;60;70;97;105,5
857;Cubchoo;613;Chill Pokémon;0,5;50;50;ice;normal;default;305;55;70;40;60;40;40;8,5
133;Beartic;614;Freezing Pokémon;2,6;50;50;ice;;default;505;95;130;80;70;80;50;260
160;Cryogonal;615;Crystallizing Pokémon;1,1;;;ice;;default;515;80;50;50;95;135;105;148
778;Shelmet;616;Snail Pokémon;0,4;50;50;bug;grass;default;305;50;40;85;40;65;25;7,7
718;Accelgor;617;Shell Out Pokémon;0,8;50;50;bug;water;default;495;80;70;40;100;60;145;25,3
768;Stunfisk;618;Trap Pokémon;0,7;50;50;ground;electric;default;471;109;66;84;81;99;32;11
800;Mienfoo;619;Martial Arts Pokémon;0,9;50;50;fighting;normal;default;350;45;85;50;55;50;65;20
148;Mienshao;620;Martial Arts Pokémon;1,4;50;50;fighting;;default;510;65;125;60;95;60;105;35,5
846;Druddigon;621;Cave Pokémon;1,6;50;50;dragon;normal;default;485;77;120;90;60;90;48;139
831;Golett;622;Automaton Pokémon;1;;;ground;ghost;default;303;59;74;50;35;50;35;92,2
824;Golurk;623;Automaton Pokémon;2,8;;;ground;ghost;default;483;89;124;80;55;80;55;330
793;Pawniard;624;Sharp Blade Pokémon;0,5;50;50;dark;steel;default;340;45;85;70;40;40;60;10,2
721;Bisharp;625;Sword Blade Pokémon;1,6;50;50;dark;steel;default;490;65;125;100;60;70;70;70
724;Bouffalant;626;Bash Buffalo Pokémon;1,6;50;50;normal;dark;default;490;95;110;95;40;95;55;94,6
784;Rufflet;627;Eaglet Pokémon;0,5;100;0;normal;flying;default;350;70;83;50;37;50;60;10,5
720;Braviary;628;Valiant Pokémon;1,5;100;0;normal;flying;default;510;100;123;75;57;75;80;41
744;Vullaby;629;Diapered Pokémon;0,5;0;100;dark;flying;default;370;70;55;75;45;65;60;9
798;Mandibuzz;630;Bone Vulture Pokémon;1,2;0;100;dark;flying;default;510;110;65;105;55;95;80;39,5
823;Heatmor;631;Anteater Pokémon;1,4;50;50;fire;dark;default;484;85;97;66;105;66;65;58
844;Durant;632;Iron Ant Pokémon;0,3;50;50;bug;steel;default;484;58;109;112;48;48;109;33
373;Deino;633;Irate Pokémon;0,8;50;50;dark;dragon;default;300;52;65;50;45;50;38;17,3
732;Zweilous;634;Hostile Pokémon;1,4;50;50;dark;dragon;default;420;72;85;70;65;70;58;50
822;Hydreigon;635;Brutal Pokémon;1,8;50;50;dark;dragon;default;600;92;105;90;125;90;98;160
811;Larvesta;636;Torch Pokémon;1,1;50;50;bug;fire;default;360;55;85;55;50;55;60;28,8
745;Volcarona;637;Sun Pokémon;1,6;50;50;bug;fire;default;550;85;60;65;135;105;100;46
859;Cobalion;638;Iron Will Pokémon;2,1;;;steel;fighting;default;580;91;90;129;90;72;108;250
763;Terrakion;639;Cavern Pokémon;1,6;;;rock;fighting;default;580;91;129;90;72;90;108;260
747;Virizion;640;Grassland Pokémon;2;;;grass;fighting;default;580;91;90;72;90;129;108;200
758;Tornadus;641;Cyclone Pokémon;1,5;100;0;flying;normal;Therian Forme;580;79;100;80;110;90;121;63
761;Thundurus;642;Bolt Strike Pokémon;1,5;100;0;electric;flying;Incarnate Forme;580;79;115;70;125;80;111;61
788;Reshiram;643;Vast White Pokémon;3,2;;;dragon;fire;default;680;100;120;100;150;120;90;330
735;Zekrom;644;Deep Black Pokémon;2,9;;;dragon;electric;default;680;100;150;120;120;100;90;345
806;Landorus;645;Abundance Pokémon;1,5;100;0;ground;flying;Therian Forme;600;89;145;90;105;80;91;68
810;Kyurem;646;Boundary Pokémon;3;;;dragon;ice;default;660;125;130;90;130;90;95;325
817;Keldeo;647;Colt Pokémon;1,4;;;water;fighting;Ordinary Form;580;91;72;90;129;90;108;48,5
802;Meloetta;648;Melody Pokémon;0,6;;;normal;psychic;Pirouette Forme;600;100;128;90;77;77;128;6,5
246;Genesect;649;Paleozoic Pokémon;1,5;;;bug;steel;default;600;71;120;95;120;95;99;82,5
163;Chespin;650;Spiny Nut Pokémon;0,4;87,5;12.5;grass;;default;313;56;61;65;48;45;38;9
168;Quilladin;651;Spiny Armor Pokémon;0,7;87,5;12.5;grass;;default;405;61;78;95;56;58;57;29
862;Chesnaught;652;Spiny Armor Pokemon;1,6;87,5;12.5;grass;fighting;default;530;88;107;122;74;75;64;90
173;Fennekin;653;Fox Pokémon;0,4;87,5;12.5;fire;;default;307;40;45;40;62;60;60;9,4
162;Braixen;654;Fox Pokémon;1;87,5;12.5;fire;;default;409;59;59;58;90;70;73;14,5
934;Delphox;655;Fox Pokémon;1,5;87,5;12.5;fire;psychic;default;534;75;69;72;114;100;104;39
172;Froakie;656;Bubble Frog Pokémon;0,3;87,5;12.5;water;;default;314;41;56;40;62;44;71;7
171;Frogadier;657;Bubble Frog Pokémon;0,6;87,5;12.5;water;;default;405;54;63;52;83;56;97;10,9
914;Greninja;658;Ninja Pokémon;1,5;87,5;12.5;water;dark;default;530;72;95;67;103;71;122;40
863;Bunnelby;659;Digging Pokémon;0,4;50;50;normal;ground;default;237;38;36;38;32;36;57;5
931;Diggersby;660;Digging Pokémon;1;50;50;normal;ground;default;423;85;56;77;50;77;78;42,4
927;Fletchling;661;Tiny Robin Pokémon;0,3;50;50;normal;flying;default;278;45;50;43;40;38;62;1,7
925;Fletchinder;662;Ember Pokémon;0,7;50;50;fire;flying;default;382;62;73;55;56;52;84;17
882;Talonflame;663;Scorching Pokémon;1,2;50;50;fire;flying;default;499;78;81;71;74;69;126;24,5
900;Scatterbug;664;Scatterdust Pokémon;0,3;50;50;bug;normal;default;200;38;35;40;27;25;35;2,5
886;Spewpa;665;Scatterdust Pokémon;0,3;50;50;bug;normal;default;213;45;22;60;27;30;29;8,4
877;Vivillon;666;Scale Pokémon;1,2;50;50;bug;flying;default;411;80;52;50;90;50;89;17
904;Litleo;667;Lion Cub Pokémon;0,6;12,5;87.5;fire;normal;default;369;62;50;58;73;54;72;13,5
893;Pyroar;668;Royal Pokémon;1,5;12,5;87.5;fire;normal;default;507;86;68;72;109;66;106;81,5
926;Flabébé;669;Single Bloom Pokémon;0,1;0;100;fairy;normal;default;303;44;38;39;61;79;42;0,1
924;Floette;670;Single Bloom Pokémon;0,2;0;100;fairy;normal;default;371;54;45;47;75;98;52;0,9
170;Florges;671;Garden Pokémon;1,1;0;100;fairy;;default;552;78;65;68;112;154;75;10
890;Skiddo;672;Mount Pokémon;0,9;50;50;grass;normal;default;350;66;65;48;62;57;52;31
923;Gogoat;673;Mount Pokémon;1,7;50;50;grass;flying;default;531;123;100;62;97;81;68;91
891;Pancham;674;Playful Pokémon;0,6;50;50;fighting;normal;default;348;67;82;62;46;48;43;8
899;Pangoro;675;Daunting Pokémon;2,1;50;50;fighting;dark;default;495;95;124;78;69;71;58;136
169;Furfrou;676;Poodle Pokemon;1,2;50;50;normal;;default;472;75;80;60;65;90;102;28
930;Espurr;677;Restraint Pokémon;0,3;50;50;psychic;normal;default;355;62;48;54;63;60;68;3,5
906;Meowstic;678;Constraint Pokémon;0,6;100;0;psychic;fighting;Male;466;74;48;76;83;81;104;8,5
910;Honedge;679;Sword Pokémon;0,8;50;50;steel;ghost;default;325;45;80;100;35;37;28;2
928;Doublade;680;Sword Pokémon;0,6;50;50;steel;ghost;default;448;59;110;150;45;49;35;4,5
932;Aegislash;681;Royal Sword Pokémon;1,7;50;50;steel;ghost;Shield Forme;500;60;50;140;50;140;60;53
884;Spritzee;682;Perfume Pokémon;0,2;50;50;fairy;normal;default;341;78;52;60;63;65;23;0,5
166;Aromatisse;683;Fragrance Pokémon;0,8;50;50;fairy;;default;462;101;72;72;99;89;29;15,5
883;Swirlix;684;Cotton Candy Pokémon;0,4;50;50;fairy;normal;default;341;62;48;66;59;57;49;3,5
885;Slurpuff;685;Meringue Pokémon;0,8;50;50;fairy;normal;default;480;82;80;86;85;75;72;5
902;Inkay;686;Revolving Pokémon;0,4;50;50;dark;psychic;default;288;53;54;53;37;46;45;3,5
903;Malamar;687;Overturning Pokémon;1,5;50;50;dark;psychic;default;482;86;92;88;68;75;73;47
873;Binacle;688;Two-Handed Pokémon;0,5;50;50;rock;water;default;306;42;52;67;39;56;50;31
868;Barbaracle;689;Collective Pokémon;1,3;50;50;rock;water;default;500;72;105;115;54;86;68;96
889;Skrelp;690;Mock Kelp Pokémon;0,5;50;50;poison;water;default;320;50;60;60;60;60;30;7,3
929;Dragalge;691;Mock Kelp Pokémon;1,8;50;50;poison;dragon;default;494;65;75;90;97;123;44;81,5
864;Clauncher;692;Water Gun Pokémon;0,5;50;50;water;normal;default;330;50;53;62;58;63;44;8,3
865;Clawitzer;693;Howitzer Pokémon;1,3;50;50;water;fighting;default;500;71;73;88;120;89;59;35,3
912;Helioptile;694;Generator Pokémon;0,5;50;50;electric;normal;default;289;44;38;33;61;43;70;6
911;Heliolisk;695;Generator Pokémon;1;50;50;electric;normal;default;481;62;55;52;109;94;109;21
879;Tyrunt;696;Royal Heir Pokémon;0,8;87,5;12.5;rock;dragon;default;362;58;89;77;45;45;48;26
878;Tyrantrum;697;Despot Pokémon;2,5;87,5;12.5;rock;dragon;default;521;82;121;119;69;59;71;270
874;Amaura;698;Tundra Pokémon;1,3;87,5;12.5;rock;ice;default;362;77;59;50;67;63;46;25,2
866;Aurorus;699;Tundra Pokémon;2,7;87,5;12.5;rock;ice;default;521;123;77;72;99;92;58;225
167;Sylveon;700;Intertwining Pokémon;1;87,5;12.5;fairy;;default;525;95;65;65;110;130;60;23,5
915;Hawlucha;701;Wrestling Pokémon;0,8;50;50;fighting;flying;default;500;78;92;75;74;63;118;21,5
935;Dedenne;702;Antenna Pokémon;0,2;50;50;electric;fairy;default;431;67;58;57;81;67;101;2,2
867;Carbink;703;Jewel Pokémon;0,3;;;rock;fairy;default;500;50;50;150;50;150;50;5,7
920;Goomy;704;Soft Tissue Pokemon;0,3;50;50;dragon;normal;default;300;45;50;35;55;75;40;2,8
887;Sliggoo;705;Soft Tissue Pokémon;0,8;50;50;dragon;steel;Hisuian Sliggoo;452;58;75;83;83;113;40;17,5
921;Goodra;706;Dragon Pokemon;2;50;50;dragon;steel;Hisuian Goodra;600;80;100;100;110;150;60;150,5
901;Klefki;707;Key Ring Pokémon;0,2;50;50;steel;fairy;default;470;57;80;91;80;87;75;3
898;Phantump;708;Stump Pokemon;0,4;50;50;ghost;grass;default;309;43;70;48;50;60;38;7
881;Trevenant;709;Elder Tree Pokémon;1,5;50;50;ghost;grass;default;474;85;110;76;65;82;56;71
897;Pumpkaboo;710;Pumpkin Pokémon;0.3;50;50;ghost;grass;Super Size;335;59;66;70;44;55;41;5
918;Gourgeist;711;Pumpkin Pokémon;0.7;50;50;ghost;grass;Large Size;494;75;95;122;58;75;69;12,5
872;Bergmite;712;Ice Chunk Pokémon;1;50;50;ice;normal;default;304;55;69;85;32;35;28;99,5
165;Avalugg;713;Iceberg Pokemon;2;50;50;ice;;default;514;95;117;184;44;46;28;505
905;Noibat;714;Sound Wave Pokémon;0,5;50;50;flying;dragon;default;245;40;30;35;45;40;55;8
892;Noivern;715;Sound Wave Pokémon;1,5;50;50;flying;dragon;default;535;85;70;80;97;80;123;85
880;Xerneas;716;Life Pokémon;3;;;fairy;psychic;default;680;126;131;95;131;98;99;215
876;Yveltal;717;Destruction Pokémon;5,8;;;dark;flying;default;680;126;131;95;131;98;99;203
871;Zygarde;718;Order Pokémon;5;;;dragon;ground;Complete Forme;708;216;100;121;91;95;85;305
248;Diancie;719;Jewel Pokémon;0,7;;;rock;fairy;default;600;50;100;150;100;150;50;8,8
909;Hoopa;720;Mischief Pokémon;0,5;;;psychic;ghost;Hoopa Unbound;680;80;160;60;170;130;80;9
875;Volcanion;721;Steam Pokémon;1,7;;;fire;water;default;600;80;110;120;130;90;70;195
976;Rowlet;722;Grass Quill Pokémon;0,3;87,5;12.5;grass;flying;default;320;68;55;55;50;50;42;1,5
941;Dartrix;723;Blade Quill Pokémon;0,71;87,5;12.5;grass;flying;default;420;78;75;75;70;70;52;16
942;Decidueye;724;Arrow Quill Pokémon;1,6;87,5;12.5;grass;ghost;Hisuian Decidueye;530;88;112;80;95;95;60;36,6
1010;Litten;725;Fire Cat Pokémon;0,4;87,5;12.5;fire;normal;default;320;45;65;40;60;40;70;4,3
963;Torracat;726;Fire Cat Pokémon;0,71;87,5;12.5;fire;normal;default;420;65;85;50;80;50;90;25
1017;Incineroar;727;Heel Pokémon;1,8;87,5;12.5;fire;dark;default;530;95;115;90;80;90;60;83
982;Popplio;728;Sea Lion Pokémon;0,4;87,5;12.5;water;normal;default;320;50;54;54;66;56;40;7,5
948;Brionne;729;Pop Star Pokémon;0,6;87,5;12.5;water;normal;default;420;60;69;69;91;81;50;17,5
981;Primarina;730;Soloist Pokémon;1,8;87,5;12.5;water;fairy;default;530;80;74;74;126;116;60;44
980;Pikipek;731;Woodpecker Pokémon;0,3;50;50;normal;flying;default;265;35;75;30;30;30;65;1,2
961;Trumbeak;732;Bugle Beak Pokémon;0,6;50;50;normal;flying;default;355;55;85;50;40;50;75;14,8
960;Toucannon;733;Cannon Pokémon;1,1;50;50;normal;flying;default;485;80;120;75;75;75;60;26
176;Yungoos;734;Loitering Pokémon;0,4;50;50;normal;;default;253;48;70;30;30;30;45;6
184;Gumshoos;735;Stakeout Pokémon;0,7;50;50;normal;;default;418;88;110;60;55;60;45;14,2
1014;Grubbin;736;Larva Pokémon;0,4;50;50;bug;normal;default;300;47;62;45;55;45;46;4,4
945;Charjabug;737;Battery Pokémon;0,5;50;50;bug;electric;default;400;57;82;95;55;75;36;10,5
955;Vikavolt;738;Stag Beetle Pokémon;1,7;50;50;bug;electric;default;500;77;70;90;145;75;43;55
939;Crabrawler;739;Boxing Pokémon;0,6;50;50;fighting;water;default;338;47;82;57;42;47;63;7
940;Crabominable;740;Wooly Crab Pokémon;1,7;50;50;fighting;ice;default;478;97;132;77;62;67;43;180
988;Oricorio;741;Dancing Pokémon;0,6;25;75;flying;normal;Baile Style;476;75;70;70;98;70;93;3,4
937;Cutiefly;742;Bee Fly Pokémon;0,1;50;50;bug;fairy;default;304;40;45;40;55;40;84;0,2
977;Ribombee;743;Bee Fly Pokémon;0,2;50;50;bug;fairy;default;464;60;55;60;95;70;124;0,5
979;Rockruff;744;Puppy Pokémon;0,5;50;50;rock;normal;default;280;45;65;40;30;40;60;9,2
1006;Lycanroc;745;Wolf Pokémon;0,8;50;50;rock;rock;Midday Form;487;75;115;65;55;65;112;25
953;Wishiwashi;746;Small Fry Pokemon;0,2;50;50;water;water;Solo Form;175;45;20;20;25;25;40;0,3
1005;Mareanie;747;Brutal Star Pokémon;0,4;50;50;poison;water;default;305;50;53;62;43;52;45;8
959;Toxapex;748;Brutal Star Pokémon;0,7;50;50;poison;water;default;495;50;63;152;53;142;35;14,5
181;Mudbray;749;Donkey Pokémon;1;50;50;ground;;default;385;70;100;70;45;55;45;110
180;Mudsdale;750;Draft Horse Pokémon;2,5;50;50;ground;;default;500;100;125;100;55;85;35;920
1021;Dewpider;751;Water Bubble Pokémon;0,3;50;50;water;bug;default;269;38;40;52;40;72;27;4
936;Araquanid;752;Water Bubble Pokémon;1,8;50;50;water;bug;default;454;68;70;92;50;132;42;82
1019;Fomantis;753;Sickle Grass Pokémon;0.3;50;50;grass;bug;default;250;40;55;35;50;35;35;1,5
249;Lurantis;754;Bloom Sickle Pokémon;0.9;50;50;grass;;default;480;70;105;90;80;90;45;18,5
999;Morelull;755;Illuminating Pokémon;0,01;50;50;grass;fairy;default;285;40;35;55;65;75;15;1,04
972;Shiinotic;756;Illuminating Pokémon;1;50;50;grass;fairy;default;405;60;45;80;90;100;30;11,5
973;Salandit;757;Toxic Lizard Pokémon;0,6;87,5;12.5;poison;fire;default;320;48;44;40;71;40;77;4,8
975;Salazzle;758;Toxic Lizard Pokémon;1,2;0;100;poison;fire;default;480;68;64;60;111;60;117;22,2
968;Stufful;759;Flailing Pokémon;0,5;50;50;normal;fighting;default;340;70;75;50;45;50;50;6,8
1022;Bewear;760;Strong Arm Pokémon;2,1;50;50;normal;fighting;default;500;120;125;80;55;60;60;135
951;Bounsweet;761;Fruit Pokémon;0,3;0;100;grass;normal;default;210;42;30;38;30;38;32;3,2
969;Steenee;762;Fruit Pokémon;0,7;0;100;grass;normal;default;290;52;40;48;40;48;62;8,2
958;Tsareena;763;Fruit Pokémon;1,2;0;100;grass;grass;default;510;72;120;98;50;98;72;21,4
944;Comfey;764;Posy Picker Pokémon;0,1;25;75;fairy;normal;default;485;51;52;90;82;110;100;0,3
992;Oranguru;765;Sage Pokémon;1,5;50;50;normal;psychic;default;490;90;60;80;90;110;60;76,07
986;Passimian;766;Teamwork Pokémon;2;50;50;fighting;normal;default;490;100;120;90;40;60;80;82,78
956;Wimpod;767;Turn Tail Pokémon;0,5;50;50;bug;water;default;230;25;35;40;20;30;80;12
1015;Golisopod;768;Hard Scale Pokémon;2;50;50;bug;water;default;530;75;125;140;60;90;40;108
974;Sandygast;769;Sand Heap Pokémon;0,5;50;50;ghost;ground;default;320;55;55;80;70;45;15;70
987;Palossand;770;Sand Castle Pokemon;1,3;50;50;ghost;ground;default;480;85;75;110;100;75;35;250
983;Pyukumuku;771;Sea Cucumber Pokémon;0,31;50;50;water;normal;default;410;55;60;130;30;130;5;1,2
177;Type: Null;772;Synthetic Pokémon;1,9;;;normal;;default;534;95;95;95;95;95;59;120,5
178;Silvally;773;Synthetic Pokémon;2,3;;;normal;;default;570;95;95;95;95;95;95;100,5
1000;Minior;774;Meteor Pokémon;0,3;;;rock;flying;Meteor Form;440;60;60;100;60;100;60;40
183;Komala;775;Drowsing Pokémon;0,4;50;50;normal;;default;480;65;115;65;75;95;65;19,9
957;Turtonator;776;Blast Turtle Pokémon;2;50;50;fire;dragon;default;485;60;78;135;91;85;36;212
962;Togedemaru;777;Roly-Poly Pokémon;0,3;50;50;electric;steel;default;435;65;98;63;40;73;96;3,3
1002;Mimikyu;778;Disguise Pokémon;0,2;50;50;ghost;fairy;default;476;55;90;80;50;105;96;0,7
946;Bruxish;779;Gnash Teeth Pokémon;0,9;50;50;water;psychic;default;475;68;105;70;70;70;92;19
1023;Drampa;780;Placid Pokémon;3;50;50;normal;dragon;default;485;78;60;85;135;91;36;185
1020;Dhelmise;781;Sea Creeper Pokémon;3,9;;;ghost;grass;default;517;70;131;100;86;90;40;210
1016;Jangmo-o;782;Scaly Pokémon;0,6;50;50;dragon;normal;default;300;45;55;65;45;45;45;29,7
1012;Hakamo-o;783;Scaly Pokémon;1,2;50;50;dragon;fighting;default;420;55;75;90;65;70;65;47
1011;Kommo-o;784;Scaly Pokémon;1,6;50;50;dragon;fighting;default;600;75;110;125;100;105;85;78,2
965;Tapu Koko;785;Land Spirit Pokémon;1,8;;;electric;fairy;default;570;70;115;85;95;75;130;20,5
964;Tapu Lele;786;Land Spirit Pokémon;1,2;;;psychic;fairy;default;570;70;85;75;130;115;95;18,6
967;Tapu Bulu;787;Land Spirit Pokémon;1,9;;;grass;fairy;default;570;70;130;115;85;95;75;45,5
966;Tapu Fini;788;Land Spirit Pokémon;1,3;;;water;fairy;default;570;70;75;115;95;130;85;21,2
938;Cosmog;789;Nebula Pokémon;0,2;;;psychic;normal;default;200;43;29;31;29;31;37;0,1
174;Cosmoem;790;Protostar Pokémon;0,1;;;psychic;;default;400;43;29;131;29;131;37;999,9
970;Solgaleo;791;Sunne Pokémon;3,4;;;psychic;steel;default;680;137;137;107;113;89;97;230
1009;Lunala;792;Moone Pokémon;4;;;psychic;ghost;default;680;137;113;89;137;107;97;120
984;Nihilego;793;Parasite Pokémon;1,2;;;rock;poison;default;570;109;53;47;127;131;103;55,5
947;Buzzwole;794;Swollen Pokémon;2,4;;;bug;fighting;default;570;107;139;139;53;53;79;333,6
985;Pheromosa;795;Lissome Pokémon;1,8;;;bug;fighting;default;570;71;137;37;137;37;151;25
952;Xurkitree;796;Glowing Pokémon;3,8;;;electric;bug;default;570;83;89;71;173;71;83;100
950;Celesteela;797;Launch Pokémon;9,2;;;steel;flying;default;570;97;101;103;107;101;61;999,9
1013;Kartana;798;Drawn Sword Pokémon;0,3;;;grass;steel;default;570;59;181;131;59;31;109;0,1
1018;Guzzlord;799;Junkivore Pokémon;5,5;;;dark;dragon;default;570;223;101;53;97;53;43;888
993;Necrozma;800;Prism Pokémon;2,4;;;psychic;fairy;Dusk Mane Necrozma;680;97;157;127;113;109;77;230
1004;Magearna;801;Artificial Pokémon;1;;;steel;fairy;default;600;80;95;115;130;115;65;80,5
998;Marshadow;802;Gloomdweller Pokémon;0,7;;;fighting;ghost;default;600;90;125;80;90;90;125;22,2
179;Poipole;803;Poison Pin Pokémon;0,6;;;poison;;default;420;67;73;67;73;67;73;1,8
997;Naganadel;804;Poison Pin Pokémon;3,6;;;poison;dragon;default;540;73;73;73;127;73;121;150
971;Stakataka;805;Rampart Pokémon;5,5;;;rock;steel;default;570;61;131;211;53;101;13;820
949;Blacephalon;806;Fireworks Pokémon;1,8;;;fire;ghost;default;570;53;127;53;151;79;107;130,2
175;Zeraora;807;Thunderclap Pokémon;1,5;;;electric;;default;600;88;112;75;102;80;143;44,5
182;Meltan;808;Hex Nut Pokémon;0,2;;;steel;;default;300;46;65;65;55;35;34;8
1003;Melmetal;809;Hex Nut Pokémon;2,5;;;steel;electric;default;600;135;143;143;80;65;34;800
209;Grookey;810;Chimp Pokémon;0,3;87,5;12.5;grass;;default;310;50;65;50;40;40;65;5
195;Thwackey;811;Beat Pokémon;0,7;87,5;12.5;grass;;default;420;70;85;70;55;60;80;14
203;Rillaboom;812;Drummer Pokémon;2,1;87,5;12.5;grass;;default;530;100;125;90;60;70;85;90
1046;Scorbunny;813;Rabbit Pokémon;0,3;87,5;12.5;fire;fire;default;310;50;71;40;40;40;69;4,5
202;Raboot;814;Rabbit Pokémon;0,6;87,5;12.5;fire;;default;420;65;86;60;55;60;94;9
218;Cinderace;815;Striker Pokémon;1,4;87,5;12.5;fire;;default;530;80;116;75;65;75;119;33
1059;Sobble;816;Water Lizard Pokémon;0,3;87,5;12.5;water;;default;310;50;40;40;70;40;70;4
213;Drizzile;817;Water Lizard Pokémon;0,7;87,5;12.5;water;;default;420;65;60;55;95;55;90;11,5
1086;Inteleon;818;Secret Agent Pokémon;1,9;87,5;12.5;water;;default;530;70;85;65;125;65;120;45,2
198;Skwovet;819;Cheeky Pokémon;0,3;50;50;normal;;default;275;70;55;55;35;35;25;2,5
210;Greedent;820;Greedy Pokémon;0,6;50;50;normal;;default;460;120;95;95;55;75;20;6
1049;Rookidee;821;Tiny Bird Pokémon;0,2;50;50;flying;flying;default;245;38;47;35;33;35;57;1,8
1088;Corvisquire;822;Raven Pokémon;0,8;50;50;flying;flying;default;365;68;67;55;43;55;77;16
1089;Corviknight;823;Raven Pokémon;2,2;50;50;flying;steel;default;495;98;87;105;53;85;67;75
187;Blipbug;824;Larva Pokémon;0,4;50;50;bug;;default;180;25;20;20;25;45;45;8
1085;Dottler;825;Radome Pokémon;0,4;50;50;bug;psychic;default;335;50;35;80;50;90;30;19,5
1051;Orbeetle;826;Seven Spot Pokémon;0,4;50;50;bug;psychic;default;505;60;45;110;80;120;90;40,8
207;Nickit;827;Fox Pokémon;0,6;50;50;dark;;default;245;40;28;28;47;52;50;8,9
196;Thievul;828;Fox Pokémon;1,2;50;50;dark;;default;455;70;58;58;87;92;90;19,9
211;Gossifleur;829;Flowering Pokémon;0,4;50;50;grass;;default;250;40;40;60;40;60;10;2,2
212;Eldegoss;830;Cotton Bloom Pokémon;0,5;50;50;grass;;default;460;60;50;90;80;120;60;2,5
193;Wooloo;831;Sheep Pokémon;0,6;50;50;normal;;default;270;42;40;55;40;45;48;6
214;Dubwool;832;Sheep Pokémon;1,3;50;50;normal;;default;490;72;80;100;60;90;88;43
1092;Chewtle;833;Snapping Pokémon;0,3;50;50;water;rock;default;284;50;64;50;38;38;44;8,5
1033;Drednaw;834;Bite Pokémon;1;50;50;water;rock;default;485;90;115;90;48;68;74;115,5
194;Yamper;835;Puppy Pokémon;0,3;50;50;electric;;default;270;59;45;50;40;50;26;13,5
186;Boltund;836;Dog Pokémon;1;50;50;electric;;default;490;69;90;60;90;60;121;34
1050;Rolycoly;837;Coal Pokémon;0,3;50;50;rock;fire;default;240;30;40;50;40;50;30;12
1091;Carkol;838;Coal Pokémon;1,1;50;50;rock;fire;default;410;80;60;90;60;70;50;78
1090;Coalossal;839;Coal Pokémon;2,8;50;50;rock;fire;default;510;110;80;120;80;90;30;310,5
1029;Applin;840;Apple Core Pokémon;0,2;50;50;grass;dragon;default;260;40;40;80;40;40;20;0,5
1072;Flapple;841;Apple Wing Pokémon;0,3;50;50;grass;dragon;default;485;70;110;80;95;60;70;1
1028;Appletun;842;Apple Nectar Pokémon;0,4;50;50;grass;dragon;default;485;110;85;80;100;80;30;13
201;Silicobra;843;Sand Snake Pokémon;2,2;50;50;ground;;default;315;52;57;75;35;50;46;7,6
1047;Sandaconda;844;Sand Snake Pokémon;3,8;50;50;ground;ground;default;510;72;107;125;65;70;71;65,5
1087;Cramorant;845;Gulp Pokémon;0,8;50;50;flying;water;default;475;70;85;55;85;95;85;18
185;Arrokuda;846;Rush Pokémon;0,5;50;50;water;;default;280;41;63;40;40;30;66;1
1024;Barraskewda;847;Skewer Pokémon;1,3;50;50;water;water;default;490;61;123;60;60;50;136;30
1041;Toxel;848;Baby Pokémon;0,4;50;50;electric;poison;default;242;40;38;35;54;35;40;11
1040;Toxtricity;849;Punk Pokémon;1,6;50;50;electric;poison;Low Key Form;502;75;98;70;114;70;75;40
1045;Sizzlipede;850;Radiator Pokémon;0,7;50;50;fire;bug;default;305;50;65;45;50;50;45;1
1093;Centiskorch;851;Radiator Pokémon;3;50;50;fire;bug;default;525;100;115;65;90;90;65;120
217;Clobbopus;852;Tantrum Pokémon;0,6;50;50;fighting;;default;310;50;68;60;50;50;32;4
1069;Grapploct;853;Jujitsu Pokémon;1,6;50;50;fighting;water;default;480;80;118;90;70;80;42;39
199;Sinistea;854;Black Tea Pokémon;0,1;;;ghost;;default;308;40;45;45;74;54;50;0,2
206;Polteageist;855;Black Tea Pokémon;0,2;;;ghost;;default;508;60;65;65;134;114;70;0,4
1068;Hatenna;856;Calm Pokémon;4;0;100;psychic;fairy;default;265;42;30;45;56;53;39;34
1066;Hattrem;857;Serene Pokémon;0,6;0;100;psychic;fairy;default;370;57;40;65;86;73;49;4,8
1067;Hatterene;858;Silent Pokémon;2,1;0;100;psychic;fairy;default;510;57;90;95;136;103;29;5,1
1065;Impidimp;859;Wily Pokémon;0,4;100;0;dark;fairy;default;265;45;45;30;55;40;50;5,5
1064;Morgrem;860;Devious Pokémon;0,8;100;0;dark;fairy;default;370;65;60;45;75;55;70;12,5
1071;Grimmsnarl;861;Bulk Up Pokémon;1,5;100;0;dark;fairy;default;510;95;120;65;95;75;60;61
1052;Obstagoon;862;Blocking Pokémon;1,6;50;50;dark;normal;default;520;93;90;101;60;81;95;46
1055;Perrserker;863;Viking Pokémon;0,8;50;50;steel;steel;default;440;70;110;100;50;60;50;28
215;Cursola;864;Coral Pokémon;1;25;75;ghost;;default;510;60;95;50;145;130;30;0,4
200;Sirfetch'd;865;Wild Duck Pokémon;0,8;50;50;fighting;;default;507;62;135;95;68;82;65;117
1053;Mr. Rime;866;Comedian Pokémon;1,5;50;50;ice;psychic;default;520;80;85;75;110;100;70;58,2
1048;Runerigus;867;Grudge Pokémon;1,6;50;50;ground;ghost;default;483;58;95;145;50;105;30;66,6
208;Milcery;868;Cream Pokémon;0,2;0;100;fairy;;default;270;45;40;40;50;61;34;0,3
188;Alcremie;869;Cream Pokémon;0,3;0;100;fairy;;default;495;65;60;75;110;121;64;0,5
1074;Falinks;870;Formation Pokémon;3;;;fighting;fighting;default;470;65;100;100;70;60;75;62
1054;Pincurchin;871;Sea Urchin Pokémon;0,3;50,2;49.8;electric;electric;default;435;48;101;95;91;85;15;1
1043;Snom;872;Worm Pokémon;0,3;50;50;ice;bug;default;185;30;25;35;45;30;20;3,8
1070;Frosmoth;873;Frost Moth Pokémon;1,3;50;50;ice;bug;default;475;70;65;60;125;90;65;42
197;Stonjourner;874;Big Rock Pokémon;2,5;50;50;rock;;default;470;100;125;135;20;20;70;520
1077;Eiscue;875;Penguin Pokémon;1,4;50;50;ice;ice;Ice Face;470;75;80;110;65;90;50;89
1062;Indeedee;876;Emotion Pokémon;0,9;100;0;psychic;normal;Female;475;70;55;65;95;105;85;28
1057;Morpeko;877;Two-Sided Pokémon;0,3;50;50;electric;dark;Hangry Mode;436;58;95;58;70;58;97;3
216;Cufant;878;Copperderm Pokémon;1,2;50;50;steel;;default;330;72;80;49;40;49;40;100
1112;Copperajah;879;Copperderm Pokémon;3;50;50;steel;;default;500;122;130;69;80;69;30;650
1083;Dracozolt;880;Fossil Pokémon;1,8;;;electric;dragon;default;505;90;100;90;80;70;75;190
1025;Arctozolt;881;Fossil Pokémon;2,3;;;electric;ice;default;505;90;100;90;90;80;55;150
1084;Dracovish;882;Fossil Pokémon;2,3;;;water;dragon;default;505;90;90;100;70;80;75;215
1030;Arctovish;883;Fossil Pokémon;2;;;water;ice;default;505;90;90;100;80;90;55;175
1079;Duraludon;884;Alloy Pokémon;1,8;50;50;steel;dragon;default;535;70;95;115;120;50;85;40
1082;Dreepy;885;Lingering Pokémon;0,5;50;50;dragon;ghost;default;270;28;60;30;40;30;82;2
1031;Drakloak;886;Caretaker Pokémon;1,4;50;50;dragon;ghost;default;410;68;80;50;60;50;102;11
1034;Dragapult;887;Stealth Pokémon;3;50;50;dragon;ghost;default;600;88;120;75;100;75;142;50
190;Zacian;888;Warrior Pokémon;2,8;;;fairy;;Crowned Sword;700;92;150;115;80;115;148;355
191;Zamazenta;889;Warrior Pokémon;2,9;;;fighting;;Hero of Many Battles;660;92;120;115;80;115;138;210
1076;Eternatus;890;Gigantic Pokémon;20;;;poison;dragon;default;690;140;85;95;145;95;130;950
1060;Kubfu;891;Wushu Pokémon;0,6;87,5;12.5;fighting;fighting;default;385;60;90;60;53;50;72;12
1037;Urshifu;892;Wushu Pokémon;1,9;87,5;12.5;fighting;dark;Rapid Strike Style;550;100;130;100;63;60;97;105
1032;Zarude;893;Rogue Monkey Pokémon;1,8;;;dark;grass;default;600;105;120;105;70;95;105;70
204;Regieleki;894;Electron Pokémon;1,2;;;electric;;default;580;80;100;50;100;50;200;145
205;Regidrago;895;Dragon Orb Pokémon;2,1;;;dragon;;default;580;200;100;50;100;50;80;200
1073;Glastrier;896;Wild Horse Pokémon;2,2;;;ice;normal;default;580;100;145;130;65;110;30;800
1042;Spectrier;897;Swift Horse Pokémon;2;;;ghost;normal;default;580;100;65;60;145;80;130;44,5
1094;Calyrex;898;King Pokémon;1,1;;;psychic;grass;Ice Rider;680;100;165;150;85;130;50;7,7
1035;Wyrdeer;899;Big Horn Pokémon;1,8;50;50;normal;psychic;default;525;103;105;72;105;75;65;95
1063;Kleavor;900;Axe Pokémon;1,8;50;50;bug;rock;default;500;70;135;95;45;70;85;89
1038;Ursaluna;901;Peat Pokémon;2,4;50;50;ground;normal;default;550;130;140;105;45;80;50;290
1027;Basculegion;902;Big Fish Pokémon;3;50;50;water;ghost;Female;530;120;92;65;100;75;78;110
1044;Sneasler;903;Free Climb Pokémon;1,3;50;50;fighting;poison;default;510;80;130;60;40;80;120;43
1058;Overqwil;904;Pin Cluster Pokémon;2,5;50;50;dark;poison;default;510;85;115;95;65;65;85;60,5
1080;Enamorus;905;Love-Hate Pokémon;1,6;0;100;fairy;flying;Incarnate Forme;580;74;115;70;135;80;106;48
1123;Sprigatito;906;Grass Cat Pokémon;0,4;87,5;12.5;grass;dark;default;310;40;61;54;45;45;65;4,1
1158;Floragato;907;Grass Cat Pokémon;0,9;87,5;12.5;grass;dark;default;410;61;80;63;60;63;83;12,2
1138;Meowscarada;908;Magician Pokémon;1,5;87,5;12.5;grass;dark;default;530;76;110;70;81;70;123;31,2
243;Fuecoco;909;Fire Croc Pokémon;0,4;87,5;12.5;fire;;default;310;67;45;59;63;40;36;4,1
1177;Crocalor;910;Fire Croc Pokémon;1;87,5;12.5;fire;;default;411;81;55;78;90;58;49;30,7
1125;Skeledirge;911;Singer Pokémon;1,6;87,5;12.5;fire;ghost;default;530;104;75;100;110;75;66;326,5
225;Quaxly;912;Duckling Pokémon;0,5;87,5;12.5;water;;default;310;55;65;45;50;45;50;6,1
227;Quaxwell;913;Practicing Pokémon;1,2;87,5;12.5;water;;default;410;70;85;65;65;60;65;21,5
1132;Quaquaval;914;Dancer Pokémon;1,8;87,5;12.5;water;fighting;default;530;85;120;80;85;75;85;61,9
1160;Lechonk;915;Hog Pokémon;0,5;50;50;normal;;default;254;54;45;40;35;45;35;10,2
232;Oinkologne;916;Hog Pokémon;1;50;50;normal;;Male;489;110;100;75;59;80;65;120
52;Tarountula;917;String Ball Pokémon;0,3;50;50;bug;;default;210;35;41;45;29;40;20;4
1113;Spidops;918;Trap Pokémon;1;50;50;bug;;default;404;60;79;92;52;86;35;16,5
235;Nymble;919;Grasshopper Pokémon;0,2;50;50;bug;;default;210;33;46;40;21;25;45;1
1139;Lokix;920;Grasshopper Pokémon;1;50;50;bug;dark;default;450;71;102;78;52;55;92;17,5
226;Pawmi;921;Mouse Pokémon;0,3;50;50;electric;;default;240;45;50;20;40;25;60;2,5
1134;Pawmo;922;Mouse Pokémon;0,4;50;50;electric;fighting;default;350;60;75;40;50;40;85;6,49
1133;Pawmot;923;Hands-On Pokémon;0,9;50;50;electric;fighting;default;490;70;115;70;70;60;105;41
223;Tandemaus;924;Couple Pokémon;0,3;;;normal;;default;305;50;50;45;40;45;75;1,8
237;Maushold;925;Family Pokémon;0.3;;;normal;;Family of Four;470;74;75;70;65;75;111;2,3
1176;Fidough;926;Puppy Pokémon;0,3;50;50;fairy;;default;312;37;55;70;30;55;65;10,9
1170;Dachsbun;927;Dog Pokemon;0,5;50;50;fairy;fire;default;477;57;80;115;50;80;95;14,9
1117;Smoliv;928;Olive Pokémon;0,3;50;50;grass;normal;default;260;41;35;45;58;51;30;6,5
1163;Dolliv;929;Olive Pokémon;0,6;50;50;grass;normal;default;354;52;53;60;78;78;33;11,9
1185;Arboliva;930;Olive Pokémon;1.4;50;50;grass;normal;default;510;78;69;90;125;109;39;48,22
1121;Squawkabilly;931;Parrot Pokémon;0,6;50;50;normal;flying;White Plumage;417;82;96;51;45;51;92;2,4
234;Nacli;932;Rock Salt Pokémon;0,4;50;50;rock;;default;280;55;55;75;35;35;25;16
230;Naclstack;933;Rock Salt Pokémon;0,6;50;50;rock;;default;355;60;60;100;35;65;35;105
1172;Garganacl;934;Rock Salt Pokémon;2,3;50;50;rock;;default;500;100;100;130;45;90;35;240
1168;Charcadet;935;Fire Child Pokémon;0,6;50;50;fire;psychic;default;255;40;50;40;50;40;35;10,5
1183;Armarouge;936;Fire Warrior Pokémon;1,5;50;50;fire;psychic;default;525;85;60;100;125;80;75;85
1169;Ceruledge;937;Fire Blades Pokémon;1,6;50;50;fire;ghost;default;525;75;125;80;60;100;85;62
224;Tadbulb;938;EleTadpole Pokémon;0,3;50;50;electric;;default;272;61;31;41;59;35;45;0,4
219;Bellibolt;939;EleFrog Pokémon;1,2;50;50;electric;;default;495;109;64;91;103;83;45;113
1188;Wattrel;940;Storm Petrel Pokémon;0,4;50;50;electric;flying;default;280;40;40;35;55;40;70;3,6
1141;Kilowattrel;941;Frigatebird Pokémon;1,4;50;50;electric;flying;default;490;70;70;60;105;60;125;38,6
1136;Maschiff;942;Rascal Pokémon;0,5;50;50;dark;;default;340;60;78;60;40;51;51;16
236;Mabosstiff;943;Boss Pokémon;1,1;50;50;dark;;default;505;80;120;90;60;70;85;61
1126;Shroodle;944;Toxic Mouse Pokémon;0,2;50;50;poison;normal;default;290;40;65;35;40;35;75;0,7
1151;Grafaiai;945;Toxic Monkey Pokémon;0,7;50;50;poison;normal;default;485;63;95;65;80;72;110;27,2
1099;Bramblin;946;Tumbleweed Pokémon;0,6;50;50;grass;ghost;default;275;40;65;30;45;35;60;0,6
1184;Brambleghast;947;Tumbleweed Pokémon;1,2;50;50;grass;ghost;default;480;55;115;70;80;70;90;6
1192;Toedscool;948;Woodear Pokémon;0,9;50;50;ground;grass;default;335;40;40;35;50;100;70;33
1190;Toedscruel;949;Woodear Pokémon;1,9;50;50;ground;grass;default;515;80;70;65;80;120;100;58
1161;Klawf;950;Ambush Pokémon;1,3;50;50;rock;;default;450;70;100;115;35;55;75;79
1181;Capsakid;951;Spicy Pepper Pokémon;0,3;50;50;grass;;default;304;50;62;40;62;40;50;3
1127;Scovillain;952;Spicy Pepper Pokémon;0,9;50;50;grass;fire;default;486;65;108;65;108;65;75;15
1135;Rellor;953;Rolling Pokémon;0,2;50;50;bug;;default;270;41;50;60;31;58;30;1
1131;Rabsca;954;Rolling Pokémon;0,3;50;50;bug;psychic;default;470;75;50;85;115;100;45;3,5
1174;Flittle;955;Frill Pokémon;0,2;50;50;psychic;;default;255;30;35;30;55;30;75;1,5
1173;Espathra;956;Ostrich Pokémon;1,9;50;50;psychic;;default;481;95;60;60;101;60;105;90
1111;Tinkatink;957;Metalsmith Pokémon;0,4;0;100;fairy;steel;default;297;50;45;45;35;64;58;8,9
1110;Tinkatuff;958;Hammer Pokémon;0,7;0;100;fairy;steel;default;380;65;55;55;45;82;78;59,1
1108;Tinkaton;959;Hammer Pokémon;0,7;0;100;fairy;steel;default;506;85;75;77;70;105;94;112,8
222;Wiglett;960;Garden Eel Pokémon;1,2;50;50;water;;default;245;10;55;25;35;25;95;1,8
1193;Wugtrio;961;Garden Eel Pokémon;1,2;50;50;water;;default;425;35;100;50;50;70;120;5,4
1098;Bombirdier;962;Item Drop Pokémon;1,5;50;50;flying;dark;default;485;70;103;85;60;85;82;42,9
1171;Finizen;963;Dolphin Pokémon;1,3;50;50;water;;default;315;70;45;40;45;40;75;60,2
228;Palafin;964;Dolphin Pokémon;1,3;50;50;water;;Zero Form;457;100;70;72;53;62;100;60,2
1189;Varoom;965;Single-Cyl Pokémon;1;50;50;steel;poison;default;300;45;70;63;30;45;47;35
1130;Revavroom;966;Multi-Cyl Pokémon;1,8;50;50;steel;poison;default;500;80;119;90;54;67;90;120
1164;Cyclizar;967;Mount Pokémon;1,6;50;50;dragon;normal;default;501;70;95;65;85;65;121;63
231;Orthworm;968;Earthworm Pokémon;2,5;50;50;steel;;default;480;70;85;145;60;55;65;310
1154;Glimmet;969;Ore Pokémon;0,7;50;50;rock;poison;default;350;48;35;42;105;60;60;8
1153;Glimmora;970;Ore Pokémon;1,5;50;50;rock;poison;default;525;83;55;90;130;81;86;45
239;Greavard;971;Ghost Dog Pokémon;0,6;50;50;ghost;;default;290;50;61;60;30;55;34;35
240;Houndstone;972;Ghost Dog Pokémon;2;50;50;ghost;;default;488;72;101;100;50;97;68;15
1159;Flamigo;973;Synchronize Pokémon;1,6;50;50;flying;fighting;default;500;82;115;74;75;64;90;37
1180;Cetoddle;974;Terra Whale Pokémon;1,2;50;50;ice;;default;334;108;68;45;30;40;43;45
1182;Cetitan;975;Terra Whale Pokémon;4,5;50;50;ice;;default;521;170;113;65;45;55;73;700
1106;Veluza;976;Jettison Pokémon;2,5;50;50;water;psychic;default;478;90;102;73;78;65;70;90
1175;Dondozo;977;Big Catfish Pokémon;12;50;50;water;;default;530;150;100;115;65;65;35;220
1114;Tatsugiri;978;Mimicry Pokémon;0,3;50;50;dragon;water;Curly Form;475;68;50;60;120;95;82;8
1187;Annihilape;979;Rage Monkey Pokémon;1,2;50;50;fighting;ghost;default;535;110;115;80;50;90;90;56
1165;Clodsire;980;Spiny Fish Pokémon;1,8;50;50;poison;ground;default;430;130;75;60;45;100;20;223
1162;Farigiraf;981;Long Neck Pokémon;3,2;50;50;normal;psychic;default;520;120;90;70;110;70;60;160
1178;Dudunsparce;982;Land Snake Pokémon;3,6;50;50;normal;;Two-Segment Form;520;125;100;80;85;75;55;39,2
1144;Kingambit;983;Big Blade Pokémon;2;50;50;dark;steel;default;550;100;135;120;60;85;50;120
1149;Great Tusk;984;Paradox Pokémon;2,2;;;ground;fighting;default;570;115;131;131;53;53;87;320
1124;Scream Tail;985;Paradox Pokémon;1,2;;;fairy;psychic;default;570;115;65;99;65;115;111;8
1100;Brute Bonnet;986;Paradox Pokémon;1,2;;;grass;dark;default;570;111;127;99;79;99;55;21
1157;Flutter Mane;987;Paradox Pokémon;1,4;;;ghost;fairy;default;570;55;55;55;135;135;135;4
1122;Slither Wing;988;Paradox Pokémon;3,2;;;bug;fighting;default;570;85;135;79;85;105;81;92
1128;Sandy Shocks;989;Paradox Pokémon;2,3;;;electric;ground;default;570;85;81;97;121;85;101;60
1147;Iron Treads;990;Paradox Pokémon;0,9;;;ground;steel;default;570;90;112;120;72;70;106;240
1148;Iron Bundle;991;Paradox Pokémon;0,6;;;ice;water;default;570;56;80;114;124;60;136;11
1152;Iron Hands;992;Paradox Pokémon;1,8;;;fighting;electric;default;570;154;140;108;50;68;50;380,7
1150;Iron Jugulis;993;Paradox Pokémon;1,3;;;dark;flying;default;570;94;80;86;122;80;108;111
1145;Iron Moth;994;Paradox Pokémon;1,2;;;fire;poison;default;570;80;70;60;140;110;110;36
1143;Iron Thorns;995;Paradox Pokémon;1,6;;;rock;electric;default;570;100;134;110;70;84;72;303
1156;Frigibax;996;Ice Fin Pokémon;0,5;50;50;dragon;ice;default;320;65;75;45;35;45;55;17
1186;Arctibax;997;Ice Fin Pokémon;0,8;50;50;dragon;ice;default;423;90;95;66;45;65;62;30
1097;Baxcalibur;998;Ice Dragon Pokémon;2,1;50;50;dragon;ice;default;600;115;145;92;75;86;87;210
242;Gimmighoul;999;Coin Chest Pokémon;0,3;;;ghost;;Roaming Form;300;45;30;25;75;45;80;5
1155;Gholdengo;1000;Coin Entity Pokémon;1,2;;;steel;ghost;default;550;87;60;95;133;91;84;30
1191;Wo-Chien;1001;Ruinous Pokémon;1,5;;;dark;grass;default;570;85;85;100;95;135;70;74,2
1166;Chien-Pao;1002;Ruinous Pokémon;1,9;;;dark;ice;default;570;80;120;80;90;65;135;152,2
1109;Ting-Lu;1003;Ruinous Pokémon;2,7;;;dark;ground;default;570;155;110;125;55;80;45;699,7
1167;Chi-Yu;1004;Ruinous Pokémon;0,4;;;dark;fire;default;570;55;80;80;135;120;100;4,9
1129;Roaring Moon;1005;Paradox Pokémon;2;;;dragon;dark;default;590;105;139;71;55;101;119;380
1142;Iron Valiant;1006;Paradox Pokémon;1,4;;;fairy;fighting;default;590;74;130;90;120;60;116;35
1140;Koraidon;1007;Paradox Pokémon;2,5;;;fighting;dragon;default;670;100;135;115;85;100;135;303
1137;Miraidon;1008;Paradox Pokémon;3,5;;;electric;dragon;default;670;100;85;100;135;115;135;240
1107;Walking Wake;1009;Paradox Pokémon;3,5;;;water;dragon;default;590;99;83;91;125;83;109;280
1146;Iron Leaves;1010;Paradox Pokémon;1,5;;;grass;psychic;default;590;90;130;88;70;108;104;125
